Geolocation,Commodity,Period_Raw,Farmgate_Price_PHP,Year,Month,Date,price_lag_1m,mom_pct_change,rolling_12m_mean,rolling_12m_std,z_score,is_surge
....Quezon,Ampalaya fruit [Bitter gourd],2010 January,23.12,2010,January,2010-01-01,,,,,,False
....Quezon,Ampalaya fruit [Bitter gourd],2010 February,20.94,2010,February,2010-02-01,23.12,-9.429065743944635,,,,False
....Quezon,Ampalaya fruit [Bitter gourd],2010 March,20.06,2010,March,2010-03-01,20.94,-4.202483285577854,,,,False
....Quezon,Ampalaya fruit [Bitter gourd],2010 April,16.68,2010,April,2010-04-01,20.06,-16.849451645064804,,,,False
....Quezon,Ampalaya fruit [Bitter gourd],2010 May,23.68,2010,May,2010-05-01,16.68,41.96642685851319,,,,True
....Quezon,Ampalaya fruit [Bitter gourd],2010 June,19.24,2010,June,2010-06-01,23.68,-18.750000000000007,20.62,2.586797247563095,-0.5334782234286194,False
....Quezon,Ampalaya fruit [Bitter gourd],2010 July,24.8,2010,July,2010-07-01,19.24,28.89812889812891,21.217142857142857,2.841183522675685,1.2610438974681184,False
....Quezon,Ampalaya fruit [Bitter gourd],2010 August,16.8,2010,August,2010-08-01,24.8,-32.25806451612903,20.665,3.0590895003952685,-1.2634478329256458,False
....Quezon,Ampalaya fruit [Bitter gourd],2010 September,13.63,2010,September,2010-09-01,16.8,-18.86904761904762,19.883333333333333,3.699635117143311,-1.6902567781229925,False
....Quezon,Ampalaya fruit [Bitter gourd],2010 October,18.39,2010,October,2010-10-01,13.63,34.92296404988994,19.734,3.519871209765115,-0.3818321523444853,False
....Quezon,Ampalaya fruit [Bitter gourd],2010 November,24.94,2010,November,2010-11-01,18.39,35.617183251767266,20.207272727272727,3.689769886887503,1.2826619051627512,True
....Quezon,Ampalaya fruit [Bitter gourd],2010 December,17.49,2010,December,2010-12-01,24.94,-29.87169206094628,19.980833333333333,3.6044453824619835,-0.691044826328314,False
....Quezon,Ampalaya fruit [Bitter gourd],2011 January,23.5,2011,January,2011-01-01,17.49,34.3624928530589,20.0125,3.636062118181251,0.9591420296593941,False
....Quezon,Ampalaya fruit [Bitter gourd],2011 February,22.05,2011,February,2011-02-01,23.5,-6.1702127659574435,20.105,3.6757052508204584,0.5291501541277975,False
....Quezon,Ampalaya fruit [Bitter gourd],2011 March,26.12,2011,March,2011-03-01,22.05,18.458049886621318,20.61,4.064668162682813,1.3555842148657031,False
....Quezon,Ampalaya fruit [Bitter gourd],2011 April,28.29,2011,April,2011-04-01,26.12,8.307810107197543,21.5775,4.411159659936892,1.5217086928329477,False
....Quezon,Ampalaya fruit [Bitter gourd],2011 May,22.2,2011,May,2011-05-01,28.29,-21.5270413573701,21.454166666666666,4.367504921854612,0.17076874478177437,False
....Quezon,Ampalaya fruit [Bitter gourd],2011 June,26.79,2011,June,2011-06-01,22.2,20.675675675675677,22.083333333333332,4.559151303264746,1.0323558823977366,False
....Quezon,Ampalaya fruit [Bitter gourd],2011 July,16.98,2011,July,2011-07-01,26.79,-36.618141097424406,21.43166666666667,4.692471404152389,-0.9486827480136305,False
....Quezon,Ampalaya fruit [Bitter gourd],2011 August,31.33,2011,August,2011-08-01,16.98,84.51118963486454,22.642500000000002,5.232272450857278,1.6603684310392894,True
....Quezon,Ampalaya fruit [Bitter gourd],2011 September,27.37,2011,September,2011-09-01,31.33,-12.639642515161178,23.787499999999998,4.538073529994462,0.7894318979896244,False
....Quezon,Ampalaya fruit [Bitter gourd],2011 October,35.58,2011,October,2011-10-01,27.37,29.9963463646328,25.22,5.324391557215295,1.9457622319231485,False
....Quezon,Ampalaya fruit [Bitter gourd],2011 November,32.41,2011,November,2011-11-01,35.58,-8.90949971894323,25.842499999999998,5.711298411522077,1.149913649539062,False
....Quezon,Ampalaya fruit [Bitter gourd],2011 December,20.55,2011,December,2011-12-01,32.41,-36.593643937056456,26.0975,5.362108006439943,-1.034574460890642,False
....Quezon,Ampalaya fruit [Bitter gourd],2012 January,27.0,2012,January,2012-01-01,20.55,31.386861313868607,26.389166666666668,5.302837076566292,0.11518991145940703,False
....Quezon,Ampalaya fruit [Bitter gourd],2012 February,25.0,2012,February,2012-02-01,27.0,-7.4074074074074066,26.635,5.149555144070045,-0.31750315401181417,False
....Quezon,Ampalaya fruit [Bitter gourd],2012 March,26.81,2012,March,2012-03-01,25.0,7.239999999999995,26.6925,5.147133580052997,0.02282823986837153,False
....Quezon,Ampalaya fruit [Bitter gourd],2012 April,21.8,2012,April,2012-04-01,26.81,-18.687057068258106,26.151666666666667,5.302635422527415,-0.820661109036328,False
....Quezon,Ampalaya fruit [Bitter gourd],2012 May,23.99,2012,May,2012-05-01,21.8,10.045871559633017,26.300833333333333,5.205656815310433,-0.44390812059237356,False
....Quezon,Ampalaya fruit [Bitter gourd],2012 June,24.54,2012,June,2012-06-01,23.99,2.2926219258024205,26.11333333333333,5.226913452739036,-0.30100619563709513,False
....Quezon,Ampalaya fruit [Bitter gourd],2012 July,28.3,2012,July,2012-07-01,24.54,15.321923390383056,27.05666666666667,4.381905632221792,0.283742608282259,False
....Quezon,Ampalaya fruit [Bitter gourd],2012 August,22.5,2012,August,2012-08-01,28.3,-20.49469964664311,26.320833333333336,4.340260692491634,-0.8803234653492422,False
....Quezon,Ampalaya fruit [Bitter gourd],2012 September,28.1,2012,September,2012-09-01,22.5,24.888888888888896,26.38166666666667,4.361367244617715,0.3939895993518763,False
....Quezon,Ampalaya fruit [Bitter gourd],2012 October,30.4,2012,October,2012-10-01,28.1,8.185053380782907,25.95,3.5488589715569234,1.2539241586282972,False
....Quezon,Ampalaya fruit [Bitter gourd],2012 November,31.57,2012,November,2012-11-01,30.4,3.8486842105263217,25.88,3.41563783475091,1.6658674822340913,False
....Quezon,Ampalaya fruit [Bitter gourd],2012 December,26.53,2012,December,2012-12-01,31.57,-15.964523281596449,26.378333333333334,2.9751389068666354,0.0509780119229458,False
....Quezon,Ampalaya fruit [Bitter gourd],2013 January,33.18,2013,January,2013-01-01,26.53,25.06596306068601,26.893333333333334,3.5682879351138252,1.7618159691662119,False
....Quezon,Ampalaya fruit [Bitter gourd],2013 February,26.16,2013,February,2013-02-01,33.18,-21.157323688969257,26.99,3.527816734056775,-0.23527299249628217,False
....Quezon,Ampalaya fruit [Bitter gourd],2013 March,28.12,2013,March,2013-03-01,26.16,7.492354740061165,27.099166666666665,3.541980592147792,0.2882097478445869,False
....Quezon,Ampalaya fruit [Bitter gourd],2013 April,20.64,2013,April,2013-04-01,28.12,-26.600284495021338,27.002499999999998,3.711522904782803,-1.7142558898938893,False
....Quezon,Ampalaya fruit [Bitter gourd],2013 May,22.73,2013,May,2013-05-01,20.64,10.12596899224806,26.897499999999997,3.820711797082284,-1.0907653393753856,False
....Quezon,Ampalaya fruit [Bitter gourd],2013 June,23.09,2013,June,2013-06-01,22.73,1.5838099428068606,26.776666666666667,3.9235914283943725,-0.9396153330305698,False
....Quezon,Ampalaya fruit [Bitter gourd],2013 July,20.87,2013,July,2013-07-01,23.09,-9.614551754006058,26.1575,4.2352205588160645,-1.2484591833106546,False
....Quezon,Ampalaya fruit [Bitter gourd],2013 August,24.02,2013,August,2013-08-01,20.87,15.093435553425962,26.284166666666668,4.137490364357553,-0.5472318887244673,False
....Quezon,Ampalaya fruit [Bitter gourd],2013 September,25.1,2013,September,2013-09-01,24.02,4.496253122398009,26.034166666666664,4.108329583869464,-0.22738357466121548,False
....Quezon,Ampalaya fruit [Bitter gourd],2013 October,30.2,2013,October,2013-10-01,25.1,20.318725099601583,26.0175,4.089370089301383,1.0227736567405001,False
....Quezon,Ampalaya fruit [Bitter gourd],2013 November,28.48,2013,November,2013-11-01,30.2,-5.695364238410592,25.76,3.7946181985447947,0.7168046579872244,False
....Quezon,Ampalaya fruit [Bitter gourd],2013 December,28.45,2013,December,2013-12-01,28.48,-0.10533707865168938,25.919999999999998,3.8697709586908817,0.6537854635344836,False
....Quezon,Ampalaya fruit [Bitter gourd],2014 January,29.45,2014,January,2014-01-01,28.45,3.5149384885764503,25.60916666666667,3.3482735261714613,1.1471085929246283,False
....Quezon,Ampalaya fruit [Bitter gourd],2014 February,25.26,2014,February,2014-02-01,29.45,-14.227504244482168,25.534166666666668,3.3448915142982303,-0.0819657873789629,False
....Quezon,Ampalaya fruit [Bitter gourd],2014 March,27.3,2014,March,2014-03-01,25.26,8.076009501187645,25.465833333333336,3.29527060092694,0.5566057810702175,False
....Quezon,Ampalaya fruit [Bitter gourd],2014 April,18.23,2014,April,2014-04-01,27.3,-33.22344322344322,25.265,3.6684341470045707,-1.9177119495914545,False
....Quezon,Ampalaya fruit [Bitter gourd],2014 May,19.87,2014,May,2014-05-01,18.23,8.996160175534836,25.026666666666667,3.9315699693942214,-1.3116049585303982,False
....Quezon,Ampalaya fruit [Bitter gourd],2014 June,27.32,2014,June,2014-06-01,19.87,37.49370910920986,25.379166666666666,3.9317737342031465,0.493627930938575,True
....Quezon,Ampalaya fruit [Bitter gourd],2014 July,35.68,2014,July,2014-07-01,27.32,30.600292825768665,26.613333333333333,4.647030984370241,1.9510665405850243,False
....Quezon,Ampalaya fruit [Bitter gourd],2014 August,27.37,2014,August,2014-08-01,35.68,-23.290358744394617,26.8925,4.577174843225309,0.1043219925729409,False
....Quezon,Ampalaya fruit [Bitter gourd],2014 September,23.93,2014,September,2014-09-01,27.37,-12.568505663134824,26.795,4.630973783322279,-0.6186603798790326,False
....Quezon,Ampalaya fruit [Bitter gourd],2014 October,19.99,2014,October,2014-10-01,23.93,-16.46468867530297,25.94416666666667,4.879754946032987,-1.2201773926182773,False
....Quezon,Ampalaya fruit [Bitter gourd],2014 November,18.14,2014,November,2014-11-01,19.99,-9.254627313656819,25.0825,5.287180250379219,-1.3130817697206472,False
....Quezon,Ampalaya fruit [Bitter gourd],2014 December,23.4,2014,December,2014-12-01,18.14,28.996692392502744,24.661666666666665,5.194950053716217,-0.24286406098632868,False
....Quezon,Ampalaya fruit [Bitter gourd],2015 January,25.0,2015,January,2015-01-01,23.4,6.8376068376068435,24.290833333333335,4.976295552340363,0.1425089525346102,False
....Quezon,Ampalaya fruit [Bitter gourd],2015 February,23.68,2015,February,2015-02-01,25.0,-5.280000000000001,24.159166666666664,4.9692188124554,-0.096426960605081,False
....Quezon,Ampalaya fruit [Bitter gourd],2015 March,27.28,2015,March,2015-03-01,23.68,15.202702702702709,24.157500000000002,4.9680728383622546,0.628513329331408,False
....Quezon,Ampalaya fruit [Bitter gourd],2015 April,23.06,2015,April,2015-04-01,27.28,-15.469208211143703,24.560000000000002,4.628217799542289,-0.32409883565729064,False
....Quezon,Ampalaya fruit [Bitter gourd],2015 May,27.47,2015,May,2015-05-01,23.06,19.124024284475283,25.19333333333333,4.444435404031217,0.5122510419662467,False
....Quezon,Ampalaya fruit [Bitter gourd],2015 June,25.77,2015,June,2015-06-01,27.47,-6.188569348380049,25.064166666666665,4.399304611027307,0.16044202339708213,False
....Quezon,Ampalaya fruit [Bitter gourd],2015 July,29.56,2015,July,2015-07-01,25.77,14.707023670935193,24.554166666666664,3.2653566096031303,1.5330127553638748,False
....Quezon,Ampalaya fruit [Bitter gourd],2015 August,27.25,2015,August,2015-08-01,29.56,-7.81461434370771,24.544166666666666,3.256119995369103,0.8309992682031394,False
....Quezon,Ampalaya fruit [Bitter gourd],2015 September,23.69,2015,September,2015-09-01,27.25,-13.064220183486233,24.524166666666662,3.2609687861496752,-0.25580332759075164,False
....Quezon,Ampalaya fruit [Bitter gourd],2015 October,32.57,2015,October,2015-10-01,23.69,37.48417053609117,25.5725,3.667570721881183,1.9079386685720998,True
....Quezon,Ampalaya fruit [Bitter gourd],2015 November,26.37,2015,November,2015-11-01,32.57,-19.035922628185446,26.258333333333336,2.823784801655513,0.03954503423957706,False
....Quezon,Ampalaya fruit [Bitter gourd],2015 December,35.46,2015,December,2015-12-01,26.37,34.47098976109215,27.263333333333335,3.718402231001267,2.2043518042047645,True
....Quezon,Ampalaya fruit [Bitter gourd],2016 January,33.03,2016,January,2016-01-01,35.46,-6.852791878172589,27.932500000000005,3.9869106860051255,1.2785588646099515,False
....Quezon,Ampalaya fruit [Bitter gourd],2016 February,30.24,2016,February,2016-02-01,33.03,-8.446866485013633,28.479166666666668,3.7959870158158417,0.4638670590802557,False
....Quezon,Ampalaya fruit [Bitter gourd],2016 March,22.23,2016,March,2016-03-01,30.24,-26.488095238095234,28.058333333333334,4.199497444680593,-1.3878644790499752,False
....Quezon,Ampalaya fruit [Bitter gourd],2016 April,30.4,2016,April,2016-04-01,22.23,36.75213675213674,28.669999999999998,3.9312732149914393,0.4400609943371152,True
....Quezon,Ampalaya fruit [Bitter gourd],2016 May,31.09,2016,May,2016-05-01,30.4,2.2697368421052673,28.971666666666668,3.9695244352975427,0.5336491481188096,False
....Quezon,Ampalaya fruit [Bitter gourd],2016 June,29.67,2016,June,2016-06-01,31.09,-4.567385011257633,29.296666666666667,3.841139351175839,0.09719338435848496,False
....Quezon,Ampalaya fruit [Bitter gourd],2016 July,26.5,2016,July,2016-07-01,29.67,-10.684192787327271,29.04166666666667,3.922772288094538,-0.6479261297884996,False
....Quezon,Ampalaya fruit [Bitter gourd],2016 August,33.45,2016,August,2016-08-01,26.5,26.226415094339632,29.558333333333337,4.07084497222368,0.9559849842527559,False
....Quezon,Ampalaya fruit [Bitter gourd],2016 September,30.59,2016,September,2016-09-01,33.45,-8.550074738415555,30.13333333333333,3.630039652509033,0.12580211523337737,False
....Quezon,Ampalaya fruit [Bitter gourd],2016 October,66.14,2016,October,2016-10-01,30.59,116.21444916639423,32.93083333333333,11.043631203164797,3.0070876196182508,True
....Quezon,Ampalaya fruit [Bitter gourd],2016 November,47.19,2016,November,2016-11-01,66.14,-28.6513456304808,34.66583333333333,11.543342401049998,1.0849688271853957,False
....Quezon,Ampalaya fruit [Bitter gourd],2016 December,40.16,2016,December,2016-12-01,47.19,-14.897223988133081,35.0575,11.65196286624548,0.4379090509103328,False
....Quezon,Ampalaya fruit [Bitter gourd],2017 January,55.14,2017,January,2017-01-01,40.16,37.30079681274901,36.9,12.97518260512597,1.4057605626909724,True
....Quezon,Ampalaya fruit [Bitter gourd],2017 February,37.07,2017,February,2017-02-01,55.14,-32.771128037722164,37.469166666666666,12.80516547643129,-0.03117231615642588,False
....Quezon,Ampalaya fruit [Bitter gourd],2017 March,34.05,2017,March,2017-03-01,37.07,-8.146749393040203,38.454166666666666,11.952598392539306,-0.36846939234699844,False
....Quezon,Ampalaya fruit [Bitter gourd],2017 April,18.54,2017,April,2017-04-01,34.05,-45.55066079295154,37.465833333333336,13.113121435717687,-1.4432744656648195,False
....Quezon,Ampalaya fruit [Bitter gourd],2017 May,17.07,2017,May,2017-05-01,18.54,-7.928802588996758,36.2975,14.303376031870616,-1.344263057697533,False
....Quezon,Ampalaya fruit [Bitter gourd],2017 June,37.76,2017,June,2017-06-01,17.07,121.20679554774456,36.971666666666664,14.15246000674173,0.05570291899484612,True
....Quezon,Ampalaya fruit [Bitter gourd],2017 July,29.79,2017,July,2017-07-01,37.76,-21.106991525423727,37.24583333333333,13.961739575342925,-0.5340189374754329,False
....Quezon,Ampalaya fruit [Bitter gourd],2017 August,27.77,2017,August,2017-08-01,29.79,-6.78079892581403,36.7725,14.196434971819185,-0.6341380788818128,False
....Quezon,Ampalaya fruit [Bitter gourd],2017 September,22.95,2017,September,2017-09-01,27.77,-17.35685992077782,36.13583333333333,14.662569822097307,-0.899285288548911,False
....Quezon,Ampalaya fruit [Bitter gourd],2017 October,41.5,2017,October,2017-10-01,22.95,80.82788671023965,34.0825,11.45279094607709,0.6476587265867019,True
....Quezon,Ampalaya fruit [Bitter gourd],2017 November,55.35,2017,November,2017-11-01,41.5,33.37349397590362,34.762499999999996,12.496478867701454,1.6474640751172476,False
....Quezon,Ampalaya fruit [Bitter gourd],2017 December,41.51,2017,December,2017-12-01,55.35,-25.00451671183379,34.875,12.555425122233016,0.5284568173044821,False
....Quezon,Ampalaya fruit [Bitter gourd],2018 January,51.24,2018,January,2018-01-01,41.51,23.440134907251277,34.550000000000004,12.022332249911939,1.388249771596709,False
....Quezon,Ampalaya fruit [Bitter gourd],2018 February,52.28,2018,February,2018-02-01,51.24,2.02966432474629,35.8175,13.068438819607264,1.2597143566452977,False
....Quezon,Ampalaya fruit [Bitter gourd],2018 March,39.82,2018,March,2018-03-01,52.28,-23.833205814843154,36.29833333333333,13.103596198499604,0.2687557379912171,False
....Quezon,Ampalaya fruit [Bitter gourd],2018 April,31.19,2018,April,2018-04-01,39.82,-21.67252636865896,37.3525,12.008133701787298,-0.5131938195427295,False
....Quezon,Ampalaya fruit [Bitter gourd],2018 May,32.02,2018,May,2018-05-01,31.19,2.66110932991344,38.598333333333336,10.377329165351771,-0.633913912579484,False
....Quezon,Ampalaya fruit [Bitter gourd],2018 June,46.94,2018,June,2018-06-01,32.02,46.59587757651465,39.36333333333334,10.644830015580613,0.7117696248391805,True
....Quezon,Ampalaya fruit [Bitter gourd],2018 July,52.67,2018,July,2018-07-01,46.94,12.207072858968905,41.27,10.821823909455956,1.053426861810128,False
....Quezon,Ampalaya fruit [Bitter gourd],2018 August,33.5,2018,August,2018-08-01,52.67,-36.39643060565787,41.7475,10.285105846452293,-0.8018877124968884,False
....Quezon,Ampalaya fruit [Bitter gourd],2018 September,52.49,2018,September,2018-09-01,33.5,56.68656716417912,44.20916666666667,8.805757887297197,0.9403884866376923,True
....Quezon,Ampalaya fruit [Bitter gourd],2018 October,33.16,2018,October,2018-10-01,52.49,-36.82606210706802,43.51416666666666,9.351243435387545,-1.1072502537452715,False
....Quezon,Ampalaya fruit [Bitter gourd],2018 November,44.61,2018,November,2018-11-01,33.16,34.529553679131496,42.619166666666665,8.599180149434254,0.2315143186602868,False
....Quezon,Ampalaya fruit [Bitter gourd],2018 December,23.99,2018,December,2018-12-01,44.61,-46.2228199955167,41.159166666666664,10.151763356305352,-1.6912496936803338,False
....Quezon,Ampalaya fruit [Bitter gourd],2019 January,52.54,2019,January,2019-01-01,23.99,119.00791996665279,41.2675,10.275304131752007,1.097047820235951,True
....Quezon,Ampalaya fruit [Bitter gourd],2019 February,34.83,2019,February,2019-02-01,52.54,-33.70765131328512,39.81333333333333,9.798848107937182,-0.5085631778797322,False
....Quezon,Ampalaya fruit [Bitter gourd],2019 March,35.22,2019,March,2019-03-01,34.83,1.1197243755383308,39.43,9.888133383919417,-0.4257628650971189,False
....Quezon,Ampalaya fruit [Bitter gourd],2019 April,33.91,2019,April,2019-04-01,35.22,-3.7194775695627547,39.656666666666666,9.711676508515945,-0.591727562344931,False
....Quezon,Ampalaya fruit [Bitter gourd],2019 May,27.4,2019,May,2019-05-01,33.91,-19.197876732527273,39.27166666666667,10.124730149789693,-1.172541538493573,False
....Quezon,Ampalaya fruit [Bitter gourd],2019 June,42.43,2019,June,2019-06-01,27.4,54.85401459854016,38.895833333333336,9.895308767595907,0.3571557744857819,True
....Quezon,Ampalaya fruit [Bitter gourd],2019 July,28.38,2019,July,2019-07-01,42.43,-33.1133631864247,36.87166666666667,9.287217836979758,-0.9143391288674882,False
....Quezon,Ampalaya fruit [Bitter gourd],2019 August,22.16,2019,August,2019-08-01,28.38,-21.9168428470754,35.92666666666667,10.194139433413623,-1.3504491238900727,False
....Quezon,Ampalaya fruit [Bitter gourd],2019 September,51.71,2019,September,2019-09-01,22.16,133.34837545126354,35.86166666666667,10.08078354939222,1.5721330842669308,True
....Quezon,Ampalaya fruit [Bitter gourd],2019 October,36.66,2019,October,2019-10-01,51.71,-29.104621929994206,36.15333333333333,10.046083210823397,0.05043424945164677,False
....Quezon,Ampalaya fruit [Bitter gourd],2019 November,47.21,2019,November,2019-11-01,36.66,28.777959629023474,36.37,10.270580226151687,1.055441831066021,False
....Quezon,Ampalaya fruit [Bitter gourd],2019 December,38.03,2019,December,2019-12-01,47.21,-19.445032832027113,37.54,9.503097102810978,0.05156213755356261,False
....Quezon,Ampalaya fruit [Bitter gourd],2020 January,32.65,2020,January,2020-01-01,38.03,-14.146726268735216,35.8825,8.308494147557658,-0.3890596710536552,False
....Quezon,Ampalaya fruit [Bitter gourd],2020 February,32.78,2020,February,2020-02-01,32.65,0.39816232771823146,35.711666666666666,8.35305805007236,-0.3509692676733246,False
....Quezon,Ampalaya fruit [Bitter gourd],2020 March,39.75,2020,March,2020-03-01,32.78,21.26296522269676,36.089166666666664,8.430818420676848,0.43422039838445897,False
....Quezon,Ampalaya fruit [Bitter gourd],2020 April,30.17,2020,April,2020-04-01,39.75,-24.100628930817606,35.7775,8.586394232102947,-0.6530680805494106,False
....Quezon,Ampalaya fruit [Bitter gourd],2020 May,45.84,2020,May,2020-05-01,30.17,51.93901226383826,37.314166666666665,8.600861963498275,0.9912766150086636,True
....Quezon,Ampalaya fruit [Bitter gourd],2020 June,23.08,2020,June,2020-06-01,45.84,-49.650959860383956,35.70166666666667,9.336930421555552,-1.3518004415592373,False
....Quezon,Ampalaya fruit [Bitter gourd],2020 July,20.17,2020,July,2020-07-01,23.08,-12.608318890814543,35.0175,10.184524021546336,-1.4578491806380631,False
....Quezon,Ampalaya fruit [Bitter gourd],2020 August,28.87,2020,August,2020-08-01,20.17,43.13336638572136,35.57666666666667,9.580730028488837,-0.7000162458104986,True
....Quezon,Ampalaya fruit [Bitter gourd],2020 September,33.48,2020,September,2020-09-01,28.87,15.968133010045015,34.057500000000005,8.124661811143545,-0.07107988165217238,False
....Quezon,Ampalaya fruit [Bitter gourd],2020 October,51.43,2020,October,2020-10-01,33.48,53.61409796893669,35.288333333333334,9.548739881959984,1.6904499301695723,True
....Quezon,Ampalaya fruit [Bitter gourd],2020 November,143.75,2020,November,2020-11-01,51.43,179.50612482986583,43.333333333333336,32.819209267892134,3.0596918361743355,True
....Quezon,Ampalaya fruit [Bitter gourd],2020 December,56.5,2020,December,2020-12-01,143.75,-60.69565217391304,44.8725,32.98059046965765,0.3525558467698561,False
....Quezon,Ampalaya fruit [Bitter gourd],2021 January,59.34,2021,January,2021-01-01,56.5,5.026548672566378,47.09666666666667,32.98135680910804,0.3712198198575095,False
....Quezon,Ampalaya fruit [Bitter gourd],2021 February,30.99,2021,February,2021-02-01,59.34,-47.77553083923155,46.9475,33.05595754997055,-0.4827420284490962,False
....Quezon,Ampalaya fruit [Bitter gourd],2021 March,29.87,2021,March,2021-03-01,30.99,-3.6140690545337124,46.12416666666667,33.37304586266461,-0.4870447466364067,False
....Quezon,Ampalaya fruit [Bitter gourd],2021 April,16.12,2021,April,2021-04-01,29.87,-46.032808838299296,44.953333333333326,34.21938109353006,-0.8426024203805635,False
....Quezon,Ampalaya fruit [Bitter gourd],2021 May,23.71,2021,May,2021-05-01,16.12,47.08436724565757,43.109166666666674,34.7593128026886,-0.5580998328933064,True
....Quezon,Ampalaya fruit [Bitter gourd],2021 June,41.27,2021,June,2021-06-01,23.71,74.06157739350486,44.625,34.19855140472792,-0.09810357053708921,True
....Quezon,Ampalaya fruit [Bitter gourd],2021 July,30.73,2021,July,2021-07-01,41.27,-25.539132541797922,45.504999999999995,33.64342607675113,-0.4391645478166706,False
....Quezon,Ampalaya fruit [Bitter gourd],2021 August,36.1,2021,August,2021-08-01,30.73,17.474780344939802,46.10750000000001,33.38216184649303,-0.2997858570699893,False
....Quezon,Ampalaya fruit [Bitter gourd],2021 September,58.69,2021,September,2021-09-01,36.1,62.57617728531854,48.208333333333336,33.30842040230924,0.3146851919144139,True
....Quezon,Ampalaya fruit [Bitter gourd],2021 October,38.91,2021,October,2021-10-01,58.69,-33.7025046856364,47.165,33.39430667317138,-0.24719782568901122,False
....Quezon,Ampalaya fruit [Bitter gourd],2021 November,25.43,2021,November,2021-11-01,38.91,-34.64405037265484,37.305,14.283142320422852,-0.8313996831789912,False
....Quezon,Ampalaya fruit [Bitter gourd],2021 December,40.39,2021,December,2021-12-01,25.43,58.82815572158868,35.9625,13.015833801391834,0.34016261021453364,True
....Quezon,Ampalaya fruit [Bitter gourd],2022 January,44.57,2022,January,2022-01-01,40.39,10.34909631096806,34.73166666666666,11.171934668732348,0.8806293292126519,False
....Quezon,Ampalaya fruit [Bitter gourd],2022 February,49.67,2022,February,2022-02-01,44.57,11.442674444693743,36.288333333333334,11.882028318839197,1.1262106357253638,False
....Quezon,Ampalaya fruit [Bitter gourd],2022 March,30.0,2022,March,2022-03-01,49.67,-39.601369035635194,36.299166666666665,11.875702052612464,-0.5304247815211016,False
....Quezon,Ampalaya fruit [Bitter gourd],2022 April,50.0,2022,April,2022-04-01,30.0,66.66666666666666,39.122499999999995,10.601092675243002,1.0260734749921112,True
....Quezon,Ampalaya fruit [Bitter gourd],2022 May,47.49,2022,May,2022-05-01,50.0,-5.019999999999996,41.104166666666664,9.636864313036629,0.6626463884828868,False
....Quezon,Ampalaya fruit [Bitter gourd],2022 June,33.75,2022,June,2022-06-01,47.49,-28.93240682248895,40.4775,9.866861087867449,-0.6818277809010922,False
....Quezon,Ampalaya fruit [Bitter gourd],2022 July,26.75,2022,July,2022-07-01,33.75,-20.74074074074074,40.145833333333336,10.282442633691256,-1.302787072153537,False
....Quezon,Ampalaya fruit [Bitter gourd],2022 August,34.39,2022,August,2022-08-01,26.75,28.560747663551407,40.00333333333333,10.35520100619915,-0.5420786453080826,False
....Quezon,Ampalaya fruit [Bitter gourd],2022 September,36.77,2022,September,2022-09-01,34.39,6.920616458272762,38.17666666666667,8.532049027406046,-0.16486856347733947,False
....Quezon,Ampalaya fruit [Bitter gourd],2022 October,43.04,2022,October,2022-10-01,36.77,17.05194451998911,38.520833333333336,8.64684541356329,0.5226376152831388,False
....Quezon,Ampalaya fruit [Bitter gourd],2022 November,67.13,2022,November,2022-11-01,43.04,55.971189591078065,41.99583333333334,10.973746735925825,2.290390626966311,True
....Quezon,Ampalaya fruit [Bitter gourd],2022 December,43.95,2022,December,2022-12-01,67.13,-34.53001638611648,42.292500000000004,10.974508582909941,0.15103181955510442,False
....Quezon,Ampalaya fruit [Bitter gourd],2023 January,77.64,2023,January,2023-01-01,43.95,76.65529010238907,45.04833333333334,15.008971761361067,2.171478978364813,True
....Quezon,Ampalaya fruit [Bitter gourd],2023 February,57.23,2023,February,2023-02-01,77.64,-26.287995878413195,45.678333333333335,15.374808104247185,0.7513372907383211,False
....Quezon,Ampalaya fruit [Bitter gourd],2023 March,57.18,2023,March,2023-03-01,57.23,-0.08736676568232948,47.943333333333335,14.848163237086007,0.6220746983435903,False
....Quezon,Ampalaya fruit [Bitter gourd],2023 April,34.71,2023,April,2023-04-01,57.18,-39.29695697796432,46.66916666666666,15.304653753520602,-0.7814072019705534,False
....Quezon,Ampalaya fruit [Bitter gourd],2023 May,27.01,2023,May,2023-05-01,34.71,-22.18380870066263,44.962500000000006,16.31344460866559,-1.1004726733472192,False
....Quezon,Ampalaya fruit [Bitter gourd],2023 June,28.95,2023,June,2023-06-01,27.01,7.18252499074416,44.5625,16.66835113457402,-0.9366553340489726,False
....Quezon,Ampalaya fruit [Bitter gourd],2023 July,31.54,2023,July,2023-07-01,28.95,8.946459412780657,44.961666666666666,16.255241299253917,-0.8256824011146912,False
....Quezon,Ampalaya fruit [Bitter gourd],2023 August,46.79,2023,August,2023-08-01,31.54,48.35129993658846,45.995000000000005,15.91263334586707,0.04996030403770203,True
....Quezon,Ampalaya fruit [Bitter gourd],2023 September,71.02,2023,September,2023-09-01,46.79,51.78456935242573,48.84916666666667,17.132440498196495,1.2940849457885009,True
....Quezon,Ampalaya fruit [Bitter gourd],2023 October,30.75,2023,October,2023-10-01,71.02,-56.70233736975499,47.824999999999996,17.863044889583453,-0.9558840671086825,False
....Quezon,Ampalaya fruit [Bitter gourd],2023 November,42.66,2023,November,2023-11-01,30.75,38.73170731707316,45.78583333333333,16.825489028869463,-0.18577964230162786,True
....Quezon,Ampalaya fruit [Bitter gourd],2023 December,26.55,2023,December,2023-12-01,42.66,-37.76371308016877,44.33583333333333,17.72385370486666,-1.0034969611856848,False
....Quezon,Ampalaya fruit [Bitter gourd],2024 January,58.95,2024,January,2024-01-01,26.55,122.03389830508475,42.778333333333336,15.168093206304865,1.0661634555320803,True
....Quezon,Ampalaya fruit [Bitter gourd],2024 February,54.02,2024,February,2024-02-01,58.95,-8.363019508057675,42.51083333333333,14.916273272279964,0.7715845946624634,False
....Quezon,Ampalaya fruit [Bitter gourd],2024 March,60.84,2024,March,2024-03-01,54.02,12.62495372084413,42.81583333333334,15.27655628633945,1.1798579685648247,False
....Quezon,Ampalaya fruit [Bitter gourd],2024 April,50.98,2024,April,2024-04-01,60.84,-16.20644312952006,44.17166666666666,15.213614018869809,0.4475158450115008,False
....Quezon,Ampalaya fruit [Bitter gourd],2024 May,64.95,2024,May,2024-05-01,50.98,27.402903099254623,47.333333333333336,15.265103598691645,1.1540482875056657,False
....Quezon,Ampalaya fruit [Bitter gourd],2024 June,74.04,2024,June,2024-06-01,64.95,13.995381062355664,51.09083333333333,15.866289855787956,1.446410400620213,False
....Quezon,Ampalaya fruit [Bitter gourd],2024 July,39.57,2024,July,2024-07-01,74.04,-46.55591572123177,51.76,15.118476955518585,-0.8062981499965427,False
....Quezon,Ampalaya fruit [Bitter gourd],2024 August,47.95,2024,August,2024-08-01,39.57,21.17765984331565,51.856666666666676,15.08748688834763,-0.25893422115805587,False
....Quezon,Ampalaya fruit [Bitter gourd],2024 September,39.01,2024,September,2024-09-01,47.95,-18.644421272158507,49.18916666666667,14.194658699879385,-0.7171124633488488,False
....Quezon,Ampalaya fruit [Bitter gourd],2024 October,41.15,2024,October,2024-10-01,39.01,5.4857728787490405,50.05583333333334,13.25273107931369,-0.671999852712211,False
....Quezon,Ampalaya fruit [Bitter gourd],2024 November,89.16,2024,November,2024-11-01,41.15,116.67071688942892,53.93083333333333,17.125827628751203,2.0570781996849714,True
....Quezon,Ampalaya fruit [Bitter gourd],2025 February,60.0,2025,February,2025-02-01,89.16,-32.70524899057873,56.718333333333334,14.832754193665387,0.2212445931361935,False
....Quezon,Ampalaya fruit [Bitter gourd],2025 March,30.02,2025,March,2025-03-01,60.0,-49.96666666666666,54.3075,16.673854942285082,-1.4566217640772816,False
....Quezon,Ampalaya fruit [Bitter gourd],2025 April,23.56,2025,April,2025-04-01,30.02,-21.518987341772156,51.76916666666667,18.892519663677085,-1.4931394630702357,False
....Quezon,Ampalaya fruit [Bitter gourd],2025 May,30.79,2025,May,2025-05-01,23.56,30.687606112054333,49.26499999999999,19.56061790249157,-0.94449981550157,False
....Quezon,Ampalaya fruit [Bitter gourd],2025 June,40.0,2025,June,2025-06-01,30.79,29.912309191295876,48.35,19.72918419729792,-0.4232308805319789,False
....Quezon,Ampalaya fruit [Bitter gourd],2025 July,66.13,2025,July,2025-07-01,40.0,65.32499999999999,48.44833333333333,19.822164285710524,0.8920149390252552,True
....Quezon,Ampalaya fruit [Bitter gourd],2025 August,46.65,2025,August,2025-08-01,66.13,-29.45712989566006,46.16583333333333,18.110476856496565,0.026734065066485936,False
....Quezon,Ampalaya fruit [Bitter gourd],2025 September,51.13,2025,September,2025-09-01,46.65,9.60342979635585,47.12916666666667,18.03502877399392,0.22183681453851845,False
....Quezon,Ampalaya fruit [Bitter gourd],2025 October,57.11,2025,October,2025-10-01,51.13,11.695677684334044,47.892500000000005,18.265307465744524,0.5046452142832447,False
....Quezon,Ampalaya fruit [Bitter gourd],2025 November,68.06,2025,November,2025-11-01,57.11,19.173524776746635,50.31333333333333,18.8952617116439,0.9392125357930645,False
....Quezon,Ampalaya fruit [Bitter gourd],2025 December,100.0,2025,December,2025-12-01,68.06,46.92918013517484,55.2175,23.400714878357515,1.9137235863429853,True
....Quezon,Ampalaya fruit [Bitter gourd],2026 January,49.44,2026,January,2026-01-01,100.0,-50.56,51.907500000000006,20.831228796732542,-0.1184519657518737,False
....Quezon,Ampalaya fruit [Bitter gourd],2026 February,92.55,2026,February,2026-02-01,49.44,87.19660194174757,54.620000000000005,23.877287420170983,1.5885389044635616,True
....Quezon,Ampalaya fruit [Bitter gourd],2026 March,90.23,2026,March,2026-03-01,92.55,-2.5067531064289503,59.637499999999996,24.55454378428861,1.2458997515390542,False
....Quezon,Ampalaya fruit [Bitter gourd],2026 April,90.0,2026,April,2026-04-01,90.23,-0.25490413388008865,65.17416666666666,23.129322380646606,1.0733489258685018,False
....Quezon,Ampalaya fruit [Bitter gourd],2026 May,78.73,2026,May,2026-05-01,90.0,-12.522222222222219,69.16916666666667,20.65867744527418,0.4627998747093292,False
....Quezon,Ampalaya fruit [Bitter gourd],2026 June,76.17,2026,June,2026-06-01,78.73,-3.251619458910202,72.18333333333334,18.546598479276906,0.21495406131324715,False
....Quezon,"Eggplant, long, purple",2010 January,22.03,2010,January,2010-01-01,,,,,,False
....Quezon,"Eggplant, long, purple",2010 February,18.67,2010,February,2010-02-01,22.03,-15.251929187471628,,,,False
....Quezon,"Eggplant, long, purple",2010 March,11.95,2010,March,2010-03-01,18.67,-35.99357257632567,,,,False
....Quezon,"Eggplant, long, purple",2010 April,6.52,2010,April,2010-04-01,11.95,-45.43933054393305,,,,False
....Quezon,"Eggplant, long, purple",2010 May,13.4,2010,May,2010-05-01,6.52,105.52147239263805,,,,True
....Quezon,"Eggplant, long, purple",2010 June,13.58,2010,June,2010-06-01,13.4,1.3432835820895501,14.358333333333334,5.4075629137964425,-0.1439342168997339,False
....Quezon,"Eggplant, long, purple",2010 July,12.05,2010,July,2010-07-01,13.58,-11.266568483063324,14.028571428571428,5.012914749495975,-0.39469480879768876,False
....Quezon,"Eggplant, long, purple",2010 August,6.3,2010,August,2010-08-01,12.05,-47.71784232365145,13.0625,5.385699981034433,-1.255639939806139,False
....Quezon,"Eggplant, long, purple",2010 September,5.82,2010,September,2010-09-01,6.3,-7.6190476190476115,12.257777777777779,5.586433964922923,-1.1523948583658952,False
....Quezon,"Eggplant, long, purple",2010 October,11.45,2010,October,2010-10-01,5.82,96.73539518900341,12.177000000000001,5.273131159209131,-0.13786874971436103,True
....Quezon,"Eggplant, long, purple",2010 November,8.14,2010,November,2010-11-01,11.45,-28.90829694323143,11.81,5.14848521411881,-0.7128310264805023,False
....Quezon,"Eggplant, long, purple",2010 December,17.31,2010,December,2010-12-01,8.14,112.65356265356263,12.268333333333333,5.159264981711558,0.9772063820211306,True
....Quezon,"Eggplant, long, purple",2011 January,22.53,2011,January,2011-01-01,17.31,30.155979202772983,12.31,5.246548649090441,1.9479472475246702,False
....Quezon,"Eggplant, long, purple",2011 February,24.11,2011,February,2011-02-01,22.53,7.0128717265867655,12.763333333333335,6.0235391791225394,1.883720903815812,False
....Quezon,"Eggplant, long, purple",2011 March,25.09,2011,March,2011-03-01,24.11,4.064703442554958,13.858333333333334,6.980558499840607,1.6089925565301297,False
....Quezon,"Eggplant, long, purple",2011 April,24.6,2011,April,2011-04-01,25.09,-1.9529693104822574,15.365000000000002,7.200390772223911,1.282569278826471,False
....Quezon,"Eggplant, long, purple",2011 May,22.6,2011,May,2011-05-01,24.6,-8.130081300813007,16.131666666666668,7.45734882616815,0.8673770644381928,False
....Quezon,"Eggplant, long, purple",2011 June,19.54,2011,June,2011-06-01,22.6,-13.539823008849567,16.628333333333334,7.470415387420302,0.38975967408314727,False
....Quezon,"Eggplant, long, purple",2011 July,13.83,2011,July,2011-07-01,19.54,-29.22210849539406,16.776666666666667,7.38846562165814,-0.3988198385912457,False
....Quezon,"Eggplant, long, purple",2011 August,17.33,2011,August,2011-08-01,13.83,25.30730296456976,17.695833333333333,6.611909995446002,-0.055329448462744464,False
....Quezon,"Eggplant, long, purple",2011 September,13.9,2011,September,2011-09-01,17.33,-19.792267743796874,18.36916666666667,5.631270578948706,-0.7936337996923264,False
....Quezon,"Eggplant, long, purple",2011 October,27.55,2011,October,2011-10-01,13.9,98.20143884892086,19.710833333333333,5.749587271089877,1.363431198980774,True
....Quezon,"Eggplant, long, purple",2011 November,25.96,2011,November,2011-11-01,27.55,-5.771324863883847,21.195833333333336,4.693714284857862,1.0150099425600074,False
....Quezon,"Eggplant, long, purple",2011 December,24.82,2011,December,2011-12-01,25.96,-4.391371340523885,21.82166666666667,4.628718325123413,0.6477675077049301,False
....Quezon,"Eggplant, long, purple",2012 January,19.09,2012,January,2012-01-01,24.82,-23.086220789685736,21.535,4.687017853991631,-0.5216536561553209,False
....Quezon,"Eggplant, long, purple",2012 February,23.45,2012,February,2012-02-01,19.09,22.839182818229435,21.48,4.657836017254828,0.42294318492582966,False
....Quezon,"Eggplant, long, purple",2012 March,23.13,2012,March,2012-03-01,23.45,-1.3646055437100226,21.316666666666666,4.552921805796463,0.39827904160899996,False
....Quezon,"Eggplant, long, purple",2012 April,17.46,2012,April,2012-04-01,23.13,-24.513618677042796,20.721666666666668,4.551377080986948,-0.7166329241960737,False
....Quezon,"Eggplant, long, purple",2012 May,14.46,2012,May,2012-05-01,17.46,-17.18213058419244,20.043333333333333,4.843215185528439,-1.1528154582138683,False
....Quezon,"Eggplant, long, purple",2012 June,18.97,2012,June,2012-06-01,14.46,31.189488243430137,19.995833333333334,4.85138866405248,-0.21145148417699272,False
....Quezon,"Eggplant, long, purple",2012 July,21.26,2012,July,2012-07-01,18.97,12.071692145492898,20.615,4.4504943545633155,0.14492772007196283,False
....Quezon,"Eggplant, long, purple",2012 August,19.62,2012,August,2012-08-01,21.26,-7.714016933207904,20.805833333333336,4.344669583280037,-0.27293981984196874,False
....Quezon,"Eggplant, long, purple",2012 September,18.63,2012,September,2012-09-01,19.62,-5.045871559633038,21.2,3.8472776679810115,-0.668004813218666,False
....Quezon,"Eggplant, long, purple",2012 October,18.41,2012,October,2012-10-01,18.63,-1.1808910359634937,20.438333333333333,3.348228387271882,-0.60579300415824,False
....Quezon,"Eggplant, long, purple",2012 November,27.05,2012,November,2012-11-01,18.41,46.93101575230853,20.52916666666667,3.5219221465075776,1.8514984324112749,True
....Quezon,"Eggplant, long, purple",2012 December,21.61,2012,December,2012-12-01,27.05,-20.110905730129396,20.261666666666667,3.27998845156872,0.41107868312416324,False
....Quezon,"Eggplant, long, purple",2013 January,28.33,2013,January,2013-01-01,21.61,31.096714484035164,21.031666666666666,3.988072747885147,1.8300401709581646,False
....Quezon,"Eggplant, long, purple",2013 February,17.51,2013,February,2013-02-01,28.33,-38.19272855630073,20.536666666666665,4.029047560208761,-0.7512114516984852,False
....Quezon,"Eggplant, long, purple",2013 March,18.03,2013,March,2013-03-01,17.51,2.969731581953167,20.111666666666668,3.9994995899108288,-0.5204817802501835,False
....Quezon,"Eggplant, long, purple",2013 April,16.17,2013,April,2013-04-01,18.03,-10.316139767054905,20.004166666666666,4.093483642734297,-0.9366512734140503,False
....Quezon,"Eggplant, long, purple",2013 May,18.33,2013,May,2013-05-01,16.17,13.35807050092762,20.326666666666664,3.755476808689675,-0.5316679528007321,False
....Quezon,"Eggplant, long, purple",2013 June,12.21,2013,June,2013-06-01,18.33,-33.38788870703763,19.763333333333332,4.424839664960299,-1.70702983729493,False
....Quezon,"Eggplant, long, purple",2013 July,12.27,2013,July,2013-07-01,12.21,0.4914004914004809,19.014166666666668,4.885472822252682,-1.3804532154897848,False
....Quezon,"Eggplant, long, purple",2013 August,20.18,2013,August,2013-08-01,12.27,64.46617766911166,19.06083333333333,4.894452255236306,0.22866024803272592,True
....Quezon,"Eggplant, long, purple",2013 September,12.82,2013,September,2013-09-01,20.18,-36.47175421209118,18.576666666666668,5.217641984535518,-1.1033081004271192,False
....Quezon,"Eggplant, long, purple",2013 October,18.57,2013,October,2013-10-01,12.82,44.85179407176287,18.59,5.21738178852886,-0.0038333403248296603,True
....Quezon,"Eggplant, long, purple",2013 November,20.11,2013,November,2013-11-01,18.57,8.292945611200857,18.011666666666667,4.534283211536758,0.4627706818123886,False
....Quezon,"Eggplant, long, purple",2013 December,19.44,2013,December,2013-12-01,20.11,-3.3316757831924324,17.830833333333334,4.419550487906136,0.3641018857166731,False
....Quezon,"Eggplant, long, purple",2014 January,23.06,2014,January,2014-01-01,19.44,18.621399176954718,17.391666666666666,3.4331799024263336,1.651044656683254,False
....Quezon,"Eggplant, long, purple",2014 February,22.26,2014,February,2014-02-01,23.06,-3.4692107545533273,17.7875,3.710677774403809,1.2053054110090688,False
....Quezon,"Eggplant, long, purple",2014 March,17.73,2014,March,2014-03-01,22.26,-20.35040431266847,17.7625,3.709905965483105,-0.00876032985805523,False
....Quezon,"Eggplant, long, purple",2014 April,14.62,2014,April,2014-04-01,17.73,-17.540891144952063,17.633333333333333,3.7963674822922395,-0.7937412137757245,False
....Quezon,"Eggplant, long, purple",2014 May,13.36,2014,May,2014-05-01,14.62,-8.618331053351572,17.219166666666666,3.9801106844666907,-0.9696129008994558,False
....Quezon,"Eggplant, long, purple",2014 June,19.84,2014,June,2014-06-01,13.36,48.50299401197605,17.855,3.707237393384588,0.5354391395442196,True
....Quezon,"Eggplant, long, purple",2014 July,27.88,2014,July,2014-07-01,19.84,40.524193548387096,19.155833333333334,4.265954989178491,2.045067678584838,True
....Quezon,"Eggplant, long, purple",2014 August,16.97,2014,August,2014-08-01,27.88,-39.13199426111908,18.888333333333332,4.29642945486202,-0.44649478211785054,False
....Quezon,"Eggplant, long, purple",2014 September,24.79,2014,September,2014-09-01,16.97,46.081319976429,19.885833333333334,4.146381682938267,1.182758135085964,True
....Quezon,"Eggplant, long, purple",2014 October,13.33,2014,October,2014-10-01,24.79,-46.22831787010892,19.449166666666667,4.553487091995496,-1.3438418827240015,False
....Quezon,"Eggplant, long, purple",2014 November,14.34,2014,November,2014-11-01,13.33,7.576894223555887,18.968333333333334,4.776544649417471,-0.9689710183904148,False
....Quezon,"Eggplant, long, purple",2014 December,24.0,2014,December,2014-12-01,14.34,67.36401673640168,19.348333333333333,4.9939196362509914,0.9314660638309233,True
....Quezon,"Eggplant, long, purple",2015 January,16.3,2015,January,2015-01-01,24.0,-32.08333333333333,18.785,4.917864466319786,-0.5053006273390884,False
....Quezon,"Eggplant, long, purple",2015 February,17.49,2015,February,2015-02-01,16.3,7.300613496932501,18.3875,4.802883840133764,-0.18686689702972387,False
....Quezon,"Eggplant, long, purple",2015 March,13.66,2015,March,2015-03-01,17.49,-21.89822755860491,18.048333333333332,4.993460875500215,-0.8788160041193344,False
....Quezon,"Eggplant, long, purple",2015 April,14.25,2015,April,2015-04-01,13.66,4.319180087847729,18.0175,5.0176382075452635,-0.7508512659072605,False
....Quezon,"Eggplant, long, purple",2015 May,13.47,2015,May,2015-05-01,14.25,-5.4736842105263115,18.026666666666667,5.008448014620035,-0.9097961391164319,False
....Quezon,"Eggplant, long, purple",2015 June,14.02,2015,June,2015-06-01,13.47,4.083147735708975,17.541666666666668,5.097883399168227,-0.6908095754487569,False
....Quezon,"Eggplant, long, purple",2015 July,22.34,2015,July,2015-07-01,14.02,59.34379457917262,17.080000000000002,4.258230533065008,1.235254869166027,True
....Quezon,"Eggplant, long, purple",2015 August,17.35,2015,August,2015-08-01,22.34,-22.336615935541623,17.111666666666668,4.258751061762173,0.055963199040499075,False
....Quezon,"Eggplant, long, purple",2015 September,13.26,2015,September,2015-09-01,17.35,-23.573487031700296,16.150833333333335,3.621987044636542,-0.7981346420369163,False
....Quezon,"Eggplant, long, purple",2015 October,17.06,2015,October,2015-10-01,13.26,28.657616892911005,16.46166666666667,3.516413031209561,0.17015445228500845,False
....Quezon,"Eggplant, long, purple",2015 November,13.04,2015,November,2015-11-01,17.06,-23.563892145369284,16.353333333333335,3.6065882476210938,-0.9186891061154018,False
....Quezon,"Eggplant, long, purple",2015 December,23.68,2015,December,2015-12-01,13.04,81.59509202453988,16.326666666666668,3.5455768432675314,2.0739455548103845,True
....Quezon,"Eggplant, long, purple",2016 January,19.32,2016,January,2016-01-01,23.68,-18.41216216216216,16.578333333333333,3.6491788200368966,0.7513105829762945,False
....Quezon,"Eggplant, long, purple",2016 February,31.08,2016,February,2016-02-01,19.32,60.8695652173913,17.710833333333333,5.564155507815304,2.4027305936882235,True
....Quezon,"Eggplant, long, purple",2016 March,21.11,2016,March,2016-03-01,31.08,-32.07850707850708,18.331666666666667,5.486164139879235,0.5064254846364278,False
....Quezon,"Eggplant, long, purple",2016 April,12.08,2016,April,2016-04-01,21.11,-42.77593557555661,18.150833333333335,5.665757525109349,-1.071495436652342,False
....Quezon,"Eggplant, long, purple",2016 May,9.43,2016,May,2016-05-01,12.08,-21.937086092715237,17.81416666666667,6.074473352904874,-1.3802293926694529,False
....Quezon,"Eggplant, long, purple",2016 June,11.71,2016,June,2016-06-01,9.43,24.178154825026525,17.621666666666666,6.239988102164247,-0.9473842850143082,False
....Quezon,"Eggplant, long, purple",2016 July,22.55,2016,July,2016-07-01,11.71,92.57045260461143,17.639166666666668,6.254700717109166,0.785142815850516,True
....Quezon,"Eggplant, long, purple",2016 August,19.37,2016,August,2016-08-01,22.55,-14.101995565410197,17.8075,6.273365234356775,0.24906887159108748,False
....Quezon,"Eggplant, long, purple",2016 September,6.81,2016,September,2016-09-01,19.37,-64.84254001032525,17.27,6.939377755704288,-1.5073397598800125,False
....Quezon,"Eggplant, long, purple",2016 October,30.68,2016,October,2016-10-01,6.81,350.5139500734215,18.405,7.94314970730926,1.545356747928921,True
....Quezon,"Eggplant, long, purple",2016 November,18.18,2016,November,2016-11-01,30.68,-40.743155149934815,18.833333333333332,7.76411129765823,-0.0841478577890025,False
....Quezon,"Eggplant, long, purple",2016 December,41.46,2016,December,2016-12-01,18.18,128.05280528052808,20.314999999999998,10.114020421717028,2.090662181638178,True
....Quezon,"Eggplant, long, purple",2017 January,35.93,2017,January,2017-01-01,41.46,-13.33815726000965,21.699166666666667,11.058006937248795,1.2869257013573487,False
....Quezon,"Eggplant, long, purple",2017 February,35.46,2017,February,2017-02-01,35.93,-1.3080990815474502,22.064166666666665,11.460749188848741,1.1688444719100408,False
....Quezon,"Eggplant, long, purple",2017 March,20.51,2017,March,2017-03-01,35.46,-42.16018048505358,22.014166666666668,11.466597702840541,-0.13117811452424546,False
....Quezon,"Eggplant, long, purple",2017 April,19.1,2017,April,2017-04-01,20.51,-6.874695270599708,22.599166666666665,11.086476166387538,-0.315624785923916,False
....Quezon,"Eggplant, long, purple",2017 May,13.02,2017,May,2017-05-01,19.1,-31.832460732984302,22.898333333333337,10.741884745182665,-0.919608948305222,False
....Quezon,"Eggplant, long, purple",2017 June,26.45,2017,June,2017-06-01,13.02,103.14900153609831,24.12666666666667,10.173936695241823,0.22836129247982387,True
....Quezon,"Eggplant, long, purple",2017 July,26.86,2017,July,2017-07-01,26.45,1.5500945179584127,24.485833333333336,10.18928176461855,0.2330062826322817,False
....Quezon,"Eggplant, long, purple",2017 August,15.74,2017,August,2017-08-01,26.86,-41.39985107967237,24.183333333333334,10.406535825085506,-0.8113490863098007,False
....Quezon,"Eggplant, long, purple",2017 September,20.14,2017,September,2017-09-01,15.74,27.95425667090216,25.29416666666667,8.999819653075223,-0.5726966611942605,False
....Quezon,"Eggplant, long, purple",2017 October,20.58,2017,October,2017-10-01,20.14,2.1847070506454704,24.4525,8.922288867570016,-0.4340254005982074,False
....Quezon,"Eggplant, long, purple",2017 November,28.39,2017,November,2017-11-01,20.58,37.94946550048592,25.30333333333333,8.755010340405446,0.3525600252487795,True
....Quezon,"Eggplant, long, purple",2017 December,23.63,2017,December,2017-12-01,28.39,-16.76646706586827,23.8175,7.125000956937747,-0.026315785939288575,False
....Quezon,"Eggplant, long, purple",2018 January,22.48,2018,January,2018-01-01,23.63,-4.866694879390599,22.69666666666667,6.018328570947164,-0.03600113621456357,False
....Quezon,"Eggplant, long, purple",2018 February,34.08,2018,February,2018-02-01,22.48,51.60142348754447,22.581666666666667,5.759908195817235,1.996270242932563,True
....Quezon,"Eggplant, long, purple",2018 March,26.64,2018,March,2018-03-01,34.08,-21.830985915492953,23.0925,5.830864780708709,0.6084003202641274,False
....Quezon,"Eggplant, long, purple",2018 April,21.32,2018,April,2018-04-01,26.64,-19.96996996996997,23.2775,5.7269682999900615,-0.3418038825190278,False
....Quezon,"Eggplant, long, purple",2018 May,18.3,2018,May,2018-05-01,21.32,-14.165103189493431,23.7175,5.0273418333241535,-1.0776072484448245,False
....Quezon,"Eggplant, long, purple",2018 June,20.06,2018,June,2018-06-01,18.3,9.617486338797802,23.185000000000002,5.049967596655732,-0.6188158518223938,False
....Quezon,"Eggplant, long, purple",2018 July,43.34,2018,July,2018-07-01,20.06,116.05184446660024,24.558333333333334,7.690665928529376,2.4421378904255873,True
....Quezon,"Eggplant, long, purple",2018 August,26.08,2018,August,2018-08-01,43.34,-39.82464236271343,25.419999999999998,7.174782860192307,0.09198884661191127,False
....Quezon,"Eggplant, long, purple",2018 September,40.78,2018,September,2018-09-01,26.08,56.365030674846636,27.14,8.195358997073242,1.6643566199932387,True
....Quezon,"Eggplant, long, purple",2018 October,10.18,2018,October,2018-10-01,40.78,-75.03678273663562,26.273333333333337,9.411780174898173,-1.7099138562814398,False
....Quezon,"Eggplant, long, purple",2018 November,30.66,2018,November,2018-11-01,10.18,201.17878192534386,26.462499999999995,9.480749994306658,0.4427392350310546,True
....Quezon,"Eggplant, long, purple",2018 December,23.74,2018,December,2018-12-01,30.66,-22.570123939986956,26.471666666666664,9.477815085127954,-0.2882169194198609,False
....Quezon,"Eggplant, long, purple",2019 January,42.97,2019,January,2019-01-01,23.74,81.00252737994947,28.17916666666667,10.485460460113629,1.4106040826339679,True
....Quezon,"Eggplant, long, purple",2019 February,13.67,2019,February,2019-02-01,42.97,-68.18710728415172,26.478333333333328,11.079775870175965,-1.1560101470834094,False
....Quezon,"Eggplant, long, purple",2019 March,33.08,2019,March,2019-03-01,13.67,141.9897585954645,27.015,11.243080700429214,0.5394428948436225,True
....Quezon,"Eggplant, long, purple",2019 April,19.31,2019,April,2019-04-01,33.08,-41.62636033857316,26.8475,11.350101421252917,-0.6640909821198717,False
....Quezon,"Eggplant, long, purple",2019 May,18.8,2019,May,2019-05-01,19.31,-2.6411185914034077,26.889166666666664,11.316739378085694,-0.7147965855192295,False
....Quezon,"Eggplant, long, purple",2019 June,12.94,2019,June,2019-06-01,18.8,-31.17021276595745,26.295833333333334,11.87997433294851,-1.1242308239919008,False
....Quezon,"Eggplant, long, purple",2019 July,16.56,2019,July,2019-07-01,12.94,27.975270479134462,24.064166666666665,10.858555452506183,-0.6910833305119499,False
....Quezon,"Eggplant, long, purple",2019 August,35.83,2019,August,2019-08-01,16.56,116.36473429951693,24.876666666666665,11.375571380920805,0.9628820361238599,True
....Quezon,"Eggplant, long, purple",2019 September,23.23,2019,September,2019-09-01,35.83,-35.16606195925202,23.414166666666663,10.213932070135062,-0.018030927306160096,False
....Quezon,"Eggplant, long, purple",2019 October,15.05,2019,October,2019-10-01,23.23,-35.21308652604391,23.819999999999997,9.725356735686555,-0.901766406965727,False
....Quezon,"Eggplant, long, purple",2019 November,51.97,2019,November,2019-11-01,15.05,245.31561461794018,25.59583333333333,12.606643600847455,2.09208473735973,True
....Quezon,"Eggplant, long, purple",2019 December,21.37,2019,December,2019-12-01,51.97,-58.880123147969975,25.39833333333333,12.656825563044373,-0.3182735918471792,False
....Quezon,"Eggplant, long, purple",2020 January,24.18,2020,January,2020-01-01,21.37,13.149274684136634,23.8325,11.383586369697548,0.03052640782214515,False
....Quezon,"Eggplant, long, purple",2020 February,28.33,2020,February,2020-02-01,24.18,17.162944582299417,25.054166666666664,10.973057465971612,0.2985342365600448,False
....Quezon,"Eggplant, long, purple",2020 March,39.24,2020,March,2020-03-01,28.33,38.510412989763516,25.5675,11.51342941169928,1.1875262800592499,True
....Quezon,"Eggplant, long, purple",2020 April,18.41,2020,April,2020-04-01,39.24,-53.0835881753313,25.492500000000003,11.560731437224746,-0.61263424710264,False
....Quezon,"Eggplant, long, purple",2020 May,16.33,2020,May,2020-05-01,18.41,-11.298207495926137,25.286666666666665,11.711723212493572,-0.7647607874742184,False
....Quezon,"Eggplant, long, purple",2020 June,8.26,2020,June,2020-06-01,16.33,-49.41824862216779,24.896666666666665,12.226837347210916,-1.360668028389343,False
....Quezon,"Eggplant, long, purple",2020 July,13.19,2020,July,2020-07-01,8.26,59.68523002421308,24.61583333333333,12.471971090360498,-0.9161208962522597,True
....Quezon,"Eggplant, long, purple",2020 August,9.41,2020,August,2020-08-01,13.19,-28.65807429871114,22.41416666666667,12.643152985875103,-1.028554086246911,False
....Quezon,"Eggplant, long, purple",2020 September,7.95,2020,September,2020-09-01,9.41,-15.5154091392136,21.140833333333333,13.305612252889473,-0.9913736461446023,False
....Quezon,"Eggplant, long, purple",2020 October,23.1,2020,October,2020-10-01,7.95,190.56603773584908,21.811666666666667,13.172879738540875,0.09780195059125615,True
....Quezon,"Eggplant, long, purple",2020 November,61.59,2020,November,2020-11-01,23.1,166.62337662337663,22.613333333333333,15.29661598544138,2.5480581263047255,True
....Quezon,"Eggplant, long, purple",2020 December,46.94,2020,December,2020-12-01,61.59,-23.7863289495048,24.74416666666667,16.813432107765042,1.3201250756579617,False
....Quezon,"Eggplant, long, purple",2021 January,60.94,2021,January,2021-01-01,46.94,29.825308904985086,27.8075,19.787090431068254,1.674450324842997,False
....Quezon,"Eggplant, long, purple",2021 February,40.59,2021,February,2021-02-01,60.94,-33.39350180505414,28.82916666666667,20.130059142004683,0.5842423636397779,False
....Quezon,"Eggplant, long, purple",2021 March,32.73,2021,March,2021-03-01,40.59,-19.364375461936454,28.286666666666665,19.9105076568006,0.22316524570460533,False
....Quezon,"Eggplant, long, purple",2021 April,18.55,2021,April,2021-04-01,32.73,-43.3241674304919,28.298333333333332,19.904234283796068,-0.48976178607731713,False
....Quezon,"Eggplant, long, purple",2021 May,21.03,2021,May,2021-05-01,18.55,13.369272237196766,28.69,19.69243232587308,-0.3889819131147065,False
....Quezon,"Eggplant, long, purple",2021 June,15.0,2021,June,2021-06-01,21.03,-28.673323823109847,29.25166666666667,19.14527325160934,-0.7443960960687089,False
....Quezon,"Eggplant, long, purple",2021 July,31.21,2021,July,2021-07-01,15.0,108.06666666666666,30.753333333333334,18.465580429709238,0.0247306965738232,True
....Quezon,"Eggplant, long, purple",2021 August,18.47,2021,August,2021-08-01,31.21,-40.82024991989747,31.50833333333333,17.68218509395742,-0.7373711599585594,False
....Quezon,"Eggplant, long, purple",2021 September,28.65,2021,September,2021-09-01,18.47,55.11640498105035,33.233333333333334,16.115277524664908,-0.2844092089831161,True
....Quezon,"Eggplant, long, purple",2021 October,35.38,2021,October,2021-10-01,28.65,23.490401396160575,34.25666666666667,15.800118143018222,0.07109651479598049,False
....Quezon,"Eggplant, long, purple",2021 November,18.37,2021,November,2021-11-01,35.38,-48.07801017524025,30.655,13.802806368139919,-0.8900363934943427,False
....Quezon,"Eggplant, long, purple",2021 December,22.92,2021,December,2021-12-01,18.37,24.768644529123574,28.653333333333336,12.941269667465432,-0.44302711253649474,False
....Quezon,"Eggplant, long, purple",2022 January,28.98,2022,January,2022-01-01,22.92,26.439790575916224,25.99,8.061123314458685,0.37091604772216347,False
....Quezon,"Eggplant, long, purple",2022 February,24.98,2022,February,2022-02-01,28.98,-13.802622498274673,24.689166666666665,6.621953101524365,0.04391957008369416,False
....Quezon,"Eggplant, long, purple",2022 March,16.25,2022,March,2022-03-01,24.98,-34.947958366693356,23.315833333333334,6.510724660593543,-1.0852606586329185,False
....Quezon,"Eggplant, long, purple",2022 April,21.96,2022,April,2022-04-01,16.25,35.13846153846155,23.599999999999998,6.356392630472693,-0.2580079764327016,True
....Quezon,"Eggplant, long, purple",2022 May,20.37,2022,May,2022-05-01,21.96,-7.240437158469945,23.544999999999998,6.383449480706146,-0.49737998390938537,False
....Quezon,"Eggplant, long, purple",2022 June,24.43,2022,June,2022-06-01,20.37,19.931271477663223,24.33083333333333,5.7886133656489775,0.01713133360316439,False
....Quezon,"Eggplant, long, purple",2022 July,44.94,2022,July,2022-07-01,24.43,83.95415472779368,25.474999999999998,8.14802764756323,2.3889216927020676,True
....Quezon,"Eggplant, long, purple",2022 August,33.09,2022,August,2022-08-01,44.94,-26.36849132176234,26.69333333333334,8.098260568938523,0.7898815569360108,False
....Quezon,"Eggplant, long, purple",2022 September,27.99,2022,September,2022-09-01,33.09,-15.412511332728934,26.638333333333335,8.085995562849666,0.16716144056234292,False
....Quezon,"Eggplant, long, purple",2022 October,30.88,2022,October,2022-10-01,27.99,10.325116112897465,26.263333333333335,7.74070742988984,0.5964140498115125,False
....Quezon,"Eggplant, long, purple",2022 November,56.95,2022,November,2022-11-01,30.88,84.42357512953369,29.478333333333335,11.339537294819673,2.422644412415025,True
....Quezon,"Eggplant, long, purple",2022 December,23.96,2022,December,2022-12-01,56.95,-57.92800702370501,29.564999999999998,11.288716409841218,-0.49651349157054736,False
....Quezon,"Eggplant, long, purple",2023 January,70.91,2023,January,2023-01-01,23.96,195.95158597662768,33.05916666666667,16.41601959192375,2.305725399594122,True
....Quezon,"Eggplant, long, purple",2023 February,23.76,2023,February,2023-02-01,70.91,-66.49273727259906,32.9575,16.474278091508708,-0.5582945698082299,False
....Quezon,"Eggplant, long, purple",2023 March,32.45,2023,March,2023-03-01,23.76,36.574074074074076,34.3075,15.622440808599084,-0.1188994743367866,True
....Quezon,"Eggplant, long, purple",2023 April,26.51,2023,April,2023-04-01,32.45,-18.305084745762716,34.68666666666667,15.348326135169115,-0.5327399610000906,False
....Quezon,"Eggplant, long, purple",2023 May,10.21,2023,May,2023-05-01,26.51,-61.486231610712935,33.84,16.450533011536024,-1.4364276211250626,False
....Quezon,"Eggplant, long, purple",2023 June,26.69,2023,June,2023-06-01,10.21,161.41038197845248,34.028333333333336,16.345611495184734,-0.44894822903965015,True
....Quezon,"Eggplant, long, purple",2023 July,26.62,2023,July,2023-07-01,26.69,-0.2622705133008628,32.50166666666667,16.087317327257487,-0.365608917075384,False
....Quezon,"Eggplant, long, purple",2023 August,18.18,2023,August,2023-08-01,26.62,-31.705484598046585,31.25916666666667,16.605196042385675,-0.7876550588912878,False
....Quezon,"Eggplant, long, purple",2023 September,27.96,2023,September,2023-09-01,18.18,53.7953795379538,31.256666666666664,16.60573522684987,-0.19852578772521146,True
....Quezon,"Eggplant, long, purple",2023 October,17.62,2023,October,2023-10-01,27.96,-36.98140200286123,30.151666666666667,17.06783089660639,-0.7342272572643279,False
....Quezon,"Eggplant, long, purple",2023 November,43.07,2023,November,2023-11-01,17.62,144.43813847900114,28.995,15.483414880562897,0.9090371929301623,True
....Quezon,"Eggplant, long, purple",2023 December,21.88,2023,December,2023-12-01,43.07,-49.19897840724403,28.82166666666667,15.55637538604399,-0.44622648235232293,False
....Quezon,"Eggplant, long, purple",2024 January,89.38,2024,January,2024-01-01,21.88,308.50091407678246,30.360833333333332,20.292104357173613,2.90847935866259,True
....Quezon,"Eggplant, long, purple",2024 February,90.42,2024,February,2024-02-01,89.38,1.1635712687402175,35.91583333333333,26.496484658203705,2.057033880899796,True
....Quezon,"Eggplant, long, purple",2024 March,89.0,2024,March,2024-03-01,90.42,-1.570449015704492,40.62833333333334,30.54374741351503,1.5836847395242377,False
....Quezon,"Eggplant, long, purple",2024 April,23.29,2024,April,2024-04-01,89.0,-73.83146067415731,40.36000000000001,30.69283600155225,-0.5561558403771066,False
....Quezon,"Eggplant, long, purple",2024 May,18.83,2024,May,2024-05-01,23.29,-19.149849720910268,41.07833333333333,30.01647784841257,-0.7412039962080342,False
....Quezon,"Eggplant, long, purple",2024 June,24.58,2024,June,2024-06-01,18.83,30.536378120021247,40.902499999999996,30.11444568037678,-0.542015621779686,False
....Quezon,"Eggplant, long, purple",2024 July,53.44,2024,July,2024-07-01,24.58,117.4125305126119,43.137499999999996,29.952894267499428,0.343956744479908,True
....Quezon,"Eggplant, long, purple",2024 August,54.65,2024,August,2024-08-01,53.44,2.264221556886229,46.17666666666667,29.026253111570735,0.291919639119925,False
....Quezon,"Eggplant, long, purple",2024 September,39.84,2024,September,2024-09-01,54.65,-27.099725526075012,47.166666666666664,28.547093892320632,-0.25665192731360953,False
....Quezon,"Eggplant, long, purple",2024 October,86.67,2024,October,2024-10-01,39.84,117.54518072289156,52.92083333333334,29.005461698330773,1.1635452321935935,True
....Quezon,"Eggplant, long, purple",2024 November,59.19,2024,November,2024-11-01,86.67,-31.706472827968156,54.26416666666666,28.880779849182915,0.17055749045061527,False
....Quezon,"Eggplant, long, purple",2025 January,52.61,2025,January,2025-01-01,59.19,-11.116742693022468,56.824999999999996,27.052812826362103,-0.15580634912361546,False
....Quezon,"Eggplant, long, purple",2025 February,54.49,2025,February,2025-02-01,52.61,3.5734651206994914,53.9175,25.035580181014385,0.022867454872651915,False
....Quezon,"Eggplant, long, purple",2025 March,39.92,2025,March,2025-03-01,54.49,-26.73885116535144,49.70916666666667,22.45310201623632,-0.43598281696613284,False
....Quezon,"Eggplant, long, purple",2025 April,29.43,2025,April,2025-04-01,39.92,-26.277555110220447,44.745000000000005,19.346879710833342,-0.7916005179597165,False
....Quezon,"Eggplant, long, purple",2025 May,22.89,2025,May,2025-05-01,29.43,-22.222222222222218,44.71166666666667,19.38750761483156,-1.125552964320848,False
....Quezon,"Eggplant, long, purple",2025 June,31.4,2025,June,2025-06-01,22.89,37.17780690257754,45.759166666666665,18.16290598411716,-0.7905765013166542,True
....Quezon,"Eggplant, long, purple",2025 July,42.19,2025,July,2025-07-01,31.4,34.36305732484076,47.22666666666666,16.968264138643885,-0.2968286340613976,False
....Quezon,"Eggplant, long, purple",2025 August,51.81,2025,August,2025-08-01,42.19,22.801611756340375,47.090833333333336,16.92046069560505,0.27890296556124095,False
....Quezon,"Eggplant, long, purple",2025 September,38.42,2025,September,2025-09-01,51.81,-25.844431576915657,45.73833333333334,16.909957170707195,-0.4327824878238455,False
....Quezon,"Eggplant, long, purple",2025 October,61.71,2025,October,2025-10-01,38.42,60.619469026548664,47.560833333333335,17.388237643111893,0.8137205711742536,True
....Quezon,"Eggplant, long, purple",2025 November,70.46,2025,November,2025-11-01,61.71,14.179225409171922,46.21,14.456224830972866,1.677478061080213,False
....Quezon,"Eggplant, long, purple",2025 December,81.12,2025,December,2025-12-01,70.46,15.129151291512933,48.0375,17.343999289772714,1.9074320430529454,False
....Quezon,"Eggplant, long, purple",2026 January,37.84,2026,January,2026-01-01,81.12,-53.35305719921104,46.806666666666665,17.513265794473597,-0.511992838565617,False
....Quezon,"Eggplant, long, purple",2026 February,34.49,2026,February,2026-02-01,37.84,-8.853065539112054,45.14000000000001,17.666590451522282,-0.6028327893389482,False
....Quezon,"Eggplant, long, purple",2026 March,28.76,2026,March,2026-03-01,34.49,-16.613511162655843,44.21,18.250454041674494,-0.8465542810452977,False
....Quezon,"Eggplant, long, purple",2026 April,25.72,2026,April,2026-04-01,28.76,-10.570236439499313,43.90083333333334,18.552516348969704,-0.9799658974208636,False
....Quezon,"Eggplant, long, purple",2026 May,35.95,2026,May,2026-05-01,25.72,39.774494556765184,44.98916666666667,17.564689505489206,-0.5146214889731927,True
....Quezon,"Eggplant, long, purple",2026 June,37.63,2026,June,2026-06-01,35.95,4.673157162726007,45.50833333333333,17.21510691400452,-0.45764068574702216,False
....Quezon,Squash fruit,2010 January,9.58,2010,January,2010-01-01,,,,,,False
....Quezon,Squash fruit,2010 February,8.28,2010,February,2010-02-01,9.58,-13.569937369519842,,,,False
....Quezon,Squash fruit,2010 March,4.51,2010,March,2010-03-01,8.28,-45.53140096618357,,,,False
....Quezon,Squash fruit,2010 April,8.47,2010,April,2010-04-01,4.51,87.80487804878051,,,,True
....Quezon,Squash fruit,2010 May,10.0,2010,May,2010-05-01,8.47,18.063754427390784,,,,False
....Quezon,Squash fruit,2010 June,9.11,2010,June,2010-06-01,10.0,-8.900000000000006,8.325000000000001,1.9785929343854438,0.39674659014377883,False
....Quezon,Squash fruit,2010 July,11.22,2010,July,2010-07-01,9.11,23.161361141602647,8.73857142857143,2.1117877779378356,1.1750369034959045,False
....Quezon,Squash fruit,2010 August,9.06,2010,August,2010-08-01,11.22,-19.25133689839572,8.77875,1.9584355089859724,0.14360952847797578,False
....Quezon,Squash fruit,2010 September,7.94,2010,September,2010-09-01,9.06,-12.362030905077264,8.685555555555556,1.8531602137370042,-0.40231575771427774,False
....Quezon,Squash fruit,2010 October,7.36,2010,October,2010-10-01,7.94,-7.3047858942065504,8.553,1.796756645860659,-0.663974168537746,False
....Quezon,Squash fruit,2010 November,9.43,2010,November,2010-11-01,7.36,28.12499999999999,8.632727272727273,1.7249411057139947,0.46220286862647203,False
....Quezon,Squash fruit,2010 December,9.34,2010,December,2010-12-01,9.43,-0.9544008483563081,8.691666666666666,1.6572915107231898,0.3912005396385704,False
....Quezon,Squash fruit,2011 January,11.14,2011,January,2011-01-01,9.34,19.271948608137052,8.821666666666667,1.789239723424111,1.2957086202494337,False
....Quezon,Squash fruit,2011 February,11.08,2011,February,2011-02-01,11.14,-0.5385996409335772,9.055,1.8918125027218071,1.0704020599750623,False
....Quezon,Squash fruit,2011 March,14.03,2011,March,2011-03-01,11.08,26.62454873646209,9.848333333333333,1.806794415700377,2.314411994153583,True
....Quezon,Squash fruit,2011 April,13.65,2011,April,2011-04-01,14.03,-2.708481824661433,10.28,2.0499756096110042,1.643921997998542,False
....Quezon,Squash fruit,2011 May,10.4,2011,May,2011-05-01,13.65,-23.809523809523807,10.313333333333333,2.048260163399588,0.042312333274511026,False
....Quezon,Squash fruit,2011 June,10.75,2011,June,2011-06-01,10.4,3.365384615384612,10.450000000000001,2.0151156068798928,0.14887483327296758,False
....Quezon,Squash fruit,2011 July,12.97,2011,July,2011-07-01,10.75,20.65116279069768,10.595833333333333,2.135626194450764,1.1116957980922548,False
....Quezon,Squash fruit,2011 August,12.47,2011,August,2011-08-01,12.97,-3.855050115651503,10.88,2.139553904226515,0.7431455673348936,False
....Quezon,Squash fruit,2011 September,13.34,2011,September,2011-09-01,12.47,6.9767441860465045,11.33,2.030060455884373,0.9901182963166315,False
....Quezon,Squash fruit,2011 October,16.9,2011,October,2011-10-01,13.34,26.68665667166416,12.125,2.195290413589969,2.17511085113856,True
....Quezon,Squash fruit,2011 November,15.9,2011,November,2011-11-01,16.9,-5.9171597633136,12.664166666666667,2.266585170103553,1.427624858758561,False
....Quezon,Squash fruit,2011 December,13.39,2011,December,2011-12-01,15.9,-15.786163522012577,13.001666666666667,2.014072461156226,0.19281001097170142,False
....Quezon,Squash fruit,2012 January,12.22,2012,January,2012-01-01,13.39,-8.737864077669903,13.091666666666667,1.9463104177967763,-0.4478559322789799,False
....Quezon,Squash fruit,2012 February,11.82,2012,February,2012-02-01,12.22,-3.2733224222585955,13.153333333333334,1.8876167433292674,-0.70635807721311,False
....Quezon,Squash fruit,2012 March,11.81,2012,March,2012-03-01,11.82,-0.08460236886632645,12.968333333333334,1.9026146284107153,-0.6088113252345315,False
....Quezon,Squash fruit,2012 April,12.91,2012,April,2012-04-01,11.81,9.31414055884843,12.906666666666666,1.8904657114215602,0.00176323395510163,False
....Quezon,Squash fruit,2012 May,13.29,2012,May,2012-05-01,12.91,2.9434546862896904,13.147499999999999,1.7183508214141157,0.08292835096545058,False
....Quezon,Squash fruit,2012 June,12.61,2012,June,2012-06-01,13.29,-5.11662904439428,13.3025,1.5589222675822094,-0.44421714565282644,False
....Quezon,Squash fruit,2012 July,11.91,2012,July,2012-07-01,12.61,-5.551149881046783,13.214166666666666,1.6087118411570198,-0.8106900398822706,False
....Quezon,Squash fruit,2012 August,12.37,2012,August,2012-08-01,11.91,3.862300587741386,13.205833333333333,1.613169992357422,-0.5181309702592968,False
....Quezon,Squash fruit,2012 September,12.16,2012,September,2012-09-01,12.37,-1.6976556184316822,13.1075,1.6399896063972266,-0.5777475639504164,False
....Quezon,Squash fruit,2012 October,12.37,2012,October,2012-10-01,12.16,1.7269736842105188,12.729999999999999,1.1296016997154452,-0.3186964043084266,False
....Quezon,Squash fruit,2012 November,12.91,2012,November,2012-11-01,12.37,4.365400161681495,12.480833333333335,0.5456015584710907,0.7865935498228699,False
....Quezon,Squash fruit,2012 December,11.95,2012,December,2012-12-01,12.91,-7.43609604957398,12.360833333333332,0.4821251880681192,-0.8521299934142547,False
....Quezon,Squash fruit,2013 January,14.78,2013,January,2013-01-01,11.95,23.682008368200837,12.574166666666665,0.8444089738696152,2.612280780514225,True
....Quezon,Squash fruit,2013 February,11.05,2013,February,2013-02-01,14.78,-25.236806495263863,12.51,0.9316749335568727,-1.5670701737419617,False
....Quezon,Squash fruit,2013 March,10.98,2013,March,2013-03-01,11.05,-0.6334841628959301,12.440833333333332,1.015412664283788,-1.4386597535335224,False
....Quezon,Squash fruit,2013 April,9.86,2013,April,2013-04-01,10.98,-10.200364298724963,12.186666666666667,1.2434214770933438,-1.8711810190906046,False
....Quezon,Squash fruit,2013 May,7.62,2013,May,2013-05-01,9.86,-22.71805273833671,11.714166666666669,1.7571953807305072,-2.3299439046810084,False
....Quezon,Squash fruit,2013 June,8.76,2013,June,2013-06-01,7.62,14.960629921259837,11.393333333333333,1.9224621208389605,-1.3697712453154338,False
....Quezon,Squash fruit,2013 July,10.78,2013,July,2013-07-01,8.76,23.059360730593603,11.299166666666666,1.922528913759804,-0.2700436196048443,False
....Quezon,Squash fruit,2013 August,10.11,2013,August,2013-08-01,10.78,-6.215213358070501,11.110833333333332,1.9187849296001454,-0.5215974536249333,False
....Quezon,Squash fruit,2013 September,9.8,2013,September,2013-09-01,10.11,-3.0662710187932616,10.914166666666667,1.9224154235248139,-0.5795660256531876,False
....Quezon,Squash fruit,2013 October,11.33,2013,October,2013-10-01,9.8,15.612244897959176,10.8275,1.8736407194162317,0.26819442745488736,False
....Quezon,Squash fruit,2013 November,15.28,2013,November,2013-11-01,11.33,34.86319505736981,11.024999999999999,2.20816048494505,1.9269432765462637,False
....Quezon,Squash fruit,2013 December,13.6,2013,December,2013-12-01,15.28,-10.994764397905758,11.1625,2.319557657673712,1.0508469112359002,False
....Quezon,Squash fruit,2014 January,13.79,2014,January,2014-01-01,13.6,1.3970588235294081,11.079999999999998,2.1933701756139468,1.2355415561540788,False
....Quezon,Squash fruit,2014 February,12.66,2014,February,2014-02-01,13.79,-8.194343727338644,11.214166666666666,2.2401114352692972,0.6454292007841665,False
....Quezon,Squash fruit,2014 March,10.31,2014,March,2014-03-01,12.66,-18.562401263823062,11.158333333333333,2.2547801075345157,-0.37623772291522517,False
....Quezon,Squash fruit,2014 April,10.82,2014,April,2014-04-01,10.31,4.946653734238601,11.238333333333332,2.2213093326943865,-0.18832736493566365,False
....Quezon,Squash fruit,2014 May,8.68,2014,May,2014-05-01,10.82,-19.778188539741226,11.326666666666666,2.080984615439768,-1.271833845877498,False
....Quezon,Squash fruit,2014 June,9.1,2014,June,2014-06-01,8.68,4.838709677419354,11.354999999999999,2.044862742670927,-1.1027635023828533,False
....Quezon,Squash fruit,2014 July,11.76,2014,July,2014-07-01,9.1,29.230769230769234,11.436666666666666,2.0393730468559337,0.15854545779734197,False
....Quezon,Squash fruit,2014 August,11.78,2014,August,2014-08-01,11.76,0.1700680272108807,11.575833333333334,1.9971546047193107,0.10222877396883365,False
....Quezon,Squash fruit,2014 September,10.12,2014,September,2014-09-01,11.78,-14.09168081494058,11.602500000000001,1.9732811853265282,-0.75128674566199,False
....Quezon,Squash fruit,2014 October,9.79,2014,October,2014-10-01,10.12,-3.2608695652173925,11.474166666666667,2.04151217721007,-0.8249603825377371,False
....Quezon,Squash fruit,2014 November,10.2,2014,November,2014-11-01,9.79,4.1879468845761,11.050833333333332,1.6742458727511547,-0.5081889985102521,False
....Quezon,Squash fruit,2014 December,9.22,2014,December,2014-12-01,10.2,-9.60784313725489,10.685833333333333,1.5400440273124139,-0.9518126153129601,False
....Quezon,Squash fruit,2015 January,8.34,2015,January,2015-01-01,9.22,-9.544468546637752,10.231666666666667,1.330788100975134,-1.421463466107452,False
....Quezon,Squash fruit,2015 February,11.79,2015,February,2015-02-01,8.34,41.366906474820134,10.159166666666666,1.2041402691874485,1.3543549493895894,True
....Quezon,Squash fruit,2015 March,12.54,2015,March,2015-03-01,11.79,6.361323155216285,10.344999999999999,1.387630419750956,1.5818332956364178,False
....Quezon,Squash fruit,2015 April,11.36,2015,April,2015-04-01,12.54,-9.409888357256776,10.39,1.412959498872695,0.6865023383712671,False
....Quezon,Squash fruit,2015 May,9.04,2015,May,2015-05-01,11.36,-20.422535211267608,10.42,1.3767088554691966,-1.0023905886257138,False
....Quezon,Squash fruit,2015 June,10.58,2015,June,2015-06-01,9.04,17.035398230088507,10.543333333333333,1.3125016594506225,0.02793647261521539,False
....Quezon,Squash fruit,2015 July,13.16,2015,July,2015-07-01,10.58,24.38563327032136,10.659999999999998,1.4817863911815832,1.6871527602615453,False
....Quezon,Squash fruit,2015 August,11.01,2015,August,2015-08-01,13.16,-16.337386018237083,10.595833333333333,1.4450948904567733,0.28660170996504913,False
....Quezon,Squash fruit,2015 September,10.54,2015,September,2015-09-01,11.01,-4.268846503178934,10.630833333333333,1.437589259415884,-0.06318448245101753,False
....Quezon,Squash fruit,2015 October,9.31,2015,October,2015-10-01,10.54,-11.669829222011373,10.590833333333332,1.4694368638936917,-0.8716491091283766,False
....Quezon,Squash fruit,2015 November,9.75,2015,November,2015-11-01,9.31,4.726100966702465,10.553333333333333,1.4859666785284926,-0.5406132889391903,False
....Quezon,Squash fruit,2015 December,10.79,2015,December,2015-12-01,9.75,10.666666666666657,10.684166666666664,1.425797756494333,0.07422745115937866,False
....Quezon,Squash fruit,2016 January,10.7,2016,January,2016-01-01,10.79,-0.8341056533827604,10.880833333333333,1.2211355247051818,-0.1480862112966475,False
....Quezon,Squash fruit,2016 February,11.12,2016,February,2016-02-01,10.7,3.925233644859813,10.825000000000001,1.1907255236734045,0.24774811166381916,False
....Quezon,Squash fruit,2016 March,10.17,2016,March,2016-03-01,11.12,-8.543165467625894,10.6275,1.070930988354625,-0.4271983955781326,False
....Quezon,Squash fruit,2016 April,6.21,2016,April,2016-04-01,10.17,-38.93805309734513,10.198333333333332,1.634385251865418,-2.440265126463432,False
....Quezon,Squash fruit,2016 May,11.43,2016,May,2016-05-01,6.21,84.05797101449275,10.397499999999999,1.625999692496906,0.6349939700262061,True
....Quezon,Squash fruit,2016 June,12.09,2016,June,2016-06-01,11.43,5.774278215223099,10.523333333333333,1.6982308084556441,0.9225287039112069,False
....Quezon,Squash fruit,2016 July,14.01,2016,July,2016-07-01,12.09,15.88089330024814,10.594166666666666,1.830759694937075,1.8658010348270961,False
....Quezon,Squash fruit,2016 August,11.5,2016,August,2016-08-01,14.01,-17.915774446823697,10.635,1.8462763508306101,0.4685105778508459,False
....Quezon,Squash fruit,2016 October,12.92,2016,October,2016-10-01,11.5,12.347826086956522,10.833333333333334,1.959505194190777,1.064894685072985,False
....Quezon,Squash fruit,2016 November,18.54,2016,November,2016-11-01,12.92,43.49845201238389,11.6025,2.895278680259235,2.3961423980709298,True
....Quezon,Squash fruit,2016 December,14.38,2016,December,2016-12-01,18.54,-22.43797195253505,11.988333333333335,2.934208374992956,0.815097757558683,False
....Quezon,Squash fruit,2017 January,20.13,2017,January,2017-01-01,14.38,39.98609179415854,12.766666666666667,3.7207827459318628,1.9789742739976073,True
....Quezon,Squash fruit,2017 February,14.57,2017,February,2017-02-01,20.13,-27.620466964729257,13.089166666666666,3.6929821857466942,0.4009857775779985,False
....Quezon,Squash fruit,2017 March,14.65,2017,March,2017-03-01,14.57,0.5490734385724095,13.383333333333333,3.6623324245457014,0.3458633788066884,False
....Quezon,Squash fruit,2017 April,10.85,2017,April,2017-04-01,14.65,-25.938566552901026,13.44,3.613021903161851,-0.7168514527225596,False
....Quezon,Squash fruit,2017 May,10.79,2017,May,2017-05-01,10.85,-0.5529953917050737,13.821666666666665,2.9633329924668326,-1.0230597352283886,False
....Quezon,Squash fruit,2017 June,11.41,2017,June,2017-06-01,10.79,5.746061167747924,13.82,2.964805681199484,-0.8128694623335234,False
....Quezon,Squash fruit,2017 July,11.71,2017,July,2017-07-01,11.41,2.629272567922881,13.788333333333334,2.986910332322238,-0.6958137681078252,False
....Quezon,Squash fruit,2017 August,10.46,2017,August,2017-08-01,11.71,-10.67463706233988,13.4925,3.135086268205537,-0.9672780078666682,False
....Quezon,Squash fruit,2017 September,16.48,2017,September,2017-09-01,10.46,57.55258126195027,13.907499999999999,3.176688169662351,0.8098056411603761,True
....Quezon,Squash fruit,2017 October,17.24,2017,October,2017-10-01,16.48,4.611650485436881,14.2675,3.297106513844581,0.9015480657110843,False
....Quezon,Squash fruit,2017 November,15.69,2017,November,2017-11-01,17.24,-8.990719257540599,14.030000000000001,3.0551357654700966,0.5433473755116649,False
....Quezon,Squash fruit,2017 December,15.58,2017,December,2017-12-01,15.69,-0.7010834926704871,14.13,3.087105145896101,0.46969569595890925,False
....Quezon,Squash fruit,2018 January,19.83,2018,January,2018-01-01,15.58,27.278562259306792,14.104999999999999,3.0348715713429226,1.886406019305358,False
....Quezon,Squash fruit,2018 February,23.43,2018,February,2018-02-01,19.83,18.15431164901665,14.843333333333334,4.062160941561956,2.11381744598356,True
....Quezon,Squash fruit,2018 March,13.69,2018,March,2018-03-01,23.43,-41.57063593683312,14.763333333333334,4.075744958862977,-0.26334654012128506,False
....Quezon,Squash fruit,2018 April,17.86,2018,April,2018-04-01,13.69,30.460189919649377,15.347499999999998,3.964717403663102,0.6337147756555459,False
....Quezon,Squash fruit,2018 May,16.51,2018,May,2018-05-01,17.86,-7.558790593505027,15.824166666666668,3.702123366966911,0.18525404621921746,False
....Quezon,Squash fruit,2018 June,14.37,2018,June,2018-06-01,16.51,-12.961841308298014,16.070833333333333,3.4727836838984807,-0.4897608052062749,False
....Quezon,Squash fruit,2018 July,23.39,2018,July,2018-07-01,14.37,62.769659011830214,17.044166666666666,3.7640318285132217,1.6859138345384064,True
....Quezon,Squash fruit,2018 August,17.52,2018,August,2018-08-01,23.39,-25.096194955109024,17.6325,3.141638614134057,-0.03580933831595699,False
....Quezon,Squash fruit,2018 September,9.96,2018,September,2018-09-01,17.52,-43.150684931506845,17.089166666666667,3.8443026518196843,-1.8544759121116818,False
....Quezon,Squash fruit,2018 October,11.08,2018,October,2018-10-01,9.96,11.244979919678705,16.575833333333332,4.215668734469997,-1.303668214818658,False
....Quezon,Squash fruit,2018 November,11.42,2018,November,2018-11-01,11.08,3.0685920577617316,16.22,4.469787466983189,-1.0738765624665554,False
....Quezon,Squash fruit,2018 December,12.27,2018,December,2018-12-01,11.42,7.443082311733798,15.944166666666668,4.612718501024853,-0.7965295662092414,False
....Quezon,Squash fruit,2019 January,14.27,2019,January,2019-01-01,12.27,16.299918500407497,15.480833333333335,4.463751904015955,-0.2712591020670237,False
....Quezon,Squash fruit,2019 February,12.42,2019,February,2019-02-01,14.27,-12.96426068675543,14.563333333333333,3.7568563583093932,-0.5705124521443894,False
....Quezon,Squash fruit,2019 March,13.97,2019,March,2019-03-01,12.42,12.479871175523355,14.586666666666666,3.7518052220554368,-0.16436532020412906,False
....Quezon,Squash fruit,2019 April,23.91,2019,April,2019-04-01,13.97,71.15246957766642,15.090833333333334,4.552682442719066,1.9371363537052377,True
....Quezon,Squash fruit,2019 May,12.1,2019,May,2019-05-01,23.91,-49.3935591802593,14.723333333333331,4.605396702552214,-0.5696215771986668,False
....Quezon,Squash fruit,2019 June,14.63,2019,June,2019-06-01,12.1,20.909090909090917,14.745000000000003,4.604194727735688,-0.0249772233366329,False
....Quezon,Squash fruit,2019 July,18.78,2019,July,2019-07-01,14.63,28.36637047163363,14.360833333333334,3.9652913645860415,1.1144620307436117,False
....Quezon,Squash fruit,2019 August,12.02,2019,August,2019-08-01,18.78,-35.99574014909479,13.902499999999998,3.8839673367225043,-0.48468481755785076,False
....Quezon,Squash fruit,2019 September,14.45,2019,September,2019-09-01,12.02,20.216306156405988,14.276666666666669,3.6805837811000846,0.047093978467057984,False
....Quezon,Squash fruit,2019 October,14.14,2019,October,2019-10-01,14.45,-2.1453287197231745,14.531666666666666,3.5423844905357047,-0.11056582584784157,False
....Quezon,Squash fruit,2019 November,14.36,2019,November,2019-11-01,14.14,1.5558698727015479,14.776666666666669,3.4066788234379577,-0.12230876118993139,False
....Quezon,Squash fruit,2019 December,16.41,2019,December,2019-12-01,14.36,14.2757660167131,15.121666666666668,3.338700981283628,0.38587862182195415,False
....Quezon,Squash fruit,2020 January,16.55,2020,January,2020-01-01,16.41,0.8531383302864142,15.311666666666666,3.350681974907453,0.3695765049046585,False
....Quezon,Squash fruit,2020 February,10.14,2020,February,2020-02-01,16.55,-38.73111782477341,15.121666666666668,3.585944362325911,-1.389220289919798,False
....Quezon,Squash fruit,2020 March,9.82,2020,March,2020-03-01,10.14,-3.155818540433928,14.775833333333333,3.8939941129276465,-1.272686395924558,False
....Quezon,Squash fruit,2020 April,10.75,2020,April,2020-04-01,9.82,9.47046843177189,13.679166666666667,2.782041298737102,-1.0528839625768145,False
....Quezon,Squash fruit,2020 May,12.92,2020,May,2020-05-01,10.75,20.186046511627907,13.747500000000002,2.7496086498396024,-0.3009519191206626,False
....Quezon,Squash fruit,2020 June,14.1,2020,June,2020-06-01,12.92,9.133126934984517,13.703333333333333,2.738378197312268,0.14485459570777948,False
....Quezon,Squash fruit,2020 July,12.79,2020,July,2020-07-01,14.1,-9.290780141843975,13.204166666666666,2.2270545502292953,-0.18597059808167896,False
....Quezon,Squash fruit,2020 August,8.66,2020,August,2020-08-01,12.79,-32.29085222830336,12.924166666666666,2.5737113574593384,-1.6568161982531233,False
....Quezon,Squash fruit,2020 September,9.92,2020,September,2020-09-01,8.66,14.549653579676672,12.546666666666667,2.6603257945848244,-0.9873477421499759,False
....Quezon,Squash fruit,2020 October,11.05,2020,October,2020-10-01,9.92,11.391129032258073,12.289166666666667,2.6415610341178457,-0.4691039316002357,False
....Quezon,Squash fruit,2020 November,14.07,2020,November,2020-11-01,11.05,27.33031674208144,12.264999999999999,2.6221486678607073,0.6883667665848326,False
....Quezon,Squash fruit,2020 December,33.29,2020,December,2020-12-01,14.07,136.60270078180525,13.671666666666667,6.583432143485556,2.9799552734429082,True
....Quezon,Squash fruit,2021 January,51.22,2021,January,2021-01-01,33.29,53.860018023430456,16.560833333333335,12.714281489249748,2.7260027785267993,True
....Quezon,Squash fruit,2021 February,23.35,2021,February,2021-02-01,51.22,-54.41233893010542,17.661666666666665,12.679640684135647,0.4486194423829686,False
....Quezon,Squash fruit,2021 March,12.57,2021,March,2021-03-01,23.35,-46.16702355460386,17.890833333333333,12.549209651559252,-0.42399748518602637,False
....Quezon,Squash fruit,2021 April,9.61,2021,April,2021-04-01,12.57,-23.548130469371525,17.795833333333334,12.61233772457699,-0.6490337883501198,False
....Quezon,Squash fruit,2021 May,14.21,2021,May,2021-05-01,9.61,47.86680541103019,17.903333333333332,12.57243545751313,-0.29376435025770936,True
....Quezon,Squash fruit,2021 June,15.22,2021,June,2021-06-01,14.21,7.1076706544686825,17.996666666666666,12.545763017727129,-0.2213230604422579,False
....Quezon,Squash fruit,2021 July,17.39,2021,July,2021-07-01,15.22,14.257555847568987,18.38,12.442059168949342,-0.07956882269702291,False
....Quezon,Squash fruit,2021 August,15.6,2021,August,2021-08-01,17.39,-10.29327199539966,18.958333333333332,12.105932304853559,-0.27741220161844915,False
....Quezon,Squash fruit,2021 September,21.23,2021,September,2021-09-01,15.6,36.08974358974359,19.900833333333335,11.774004075491778,0.11288994450353534,True
....Quezon,Squash fruit,2021 October,19.17,2021,October,2021-10-01,21.23,-9.703250117757884,20.5775,11.447910587447033,-0.12294819995741088,False
....Quezon,Squash fruit,2021 November,17.47,2021,November,2021-11-01,19.17,-8.86802295253001,20.860833333333336,11.313495126162254,-0.2997158080257705,False
....Quezon,Squash fruit,2021 December,11.69,2021,December,2021-12-01,17.47,-33.08528906697195,19.06083333333333,10.865654361195636,-0.6783607400265453,False
....Quezon,Squash fruit,2022 January,11.42,2022,January,2022-01-01,11.69,-2.3096663815226655,15.744166666666667,4.165375587852652,-1.0381216712550705,False
....Quezon,Squash fruit,2022 February,10.54,2022,February,2022-02-01,11.42,-7.705779334500883,14.676666666666668,3.6483354444392235,-1.133850417447704,False
....Quezon,Squash fruit,2022 March,19.15,2022,March,2022-03-01,10.54,81.6888045540797,15.225,3.794475649486433,1.0343985210528974,True
....Quezon,Squash fruit,2022 April,18.82,2022,April,2022-04-01,19.15,-1.7232375979112184,15.9925,3.473348201271039,0.8140560163145473,False
....Quezon,Squash fruit,2022 May,13.41,2022,May,2022-05-01,18.82,-28.746014877789587,15.925833333333332,3.5180610835911903,-0.7151192868900395,False
....Quezon,Squash fruit,2022 June,21.61,2022,June,2022-06-01,13.41,61.148396718866515,16.458333333333332,3.8677356150438746,1.3319593631552367,True
....Quezon,Squash fruit,2022 July,21.23,2022,July,2022-07-01,21.61,-1.758445164275794,16.778333333333332,4.103492599621882,1.0848482258934422,False
....Quezon,Squash fruit,2022 August,25.45,2022,August,2022-08-01,21.23,19.877531794630237,17.599166666666665,4.776355511234168,1.6436869732305057,False
....Quezon,Squash fruit,2022 September,13.63,2022,September,2022-09-01,25.45,-46.444007858546165,16.965833333333332,4.754971481289748,-0.7015464438555399,False
....Quezon,Squash fruit,2022 October,15.0,2022,October,2022-10-01,13.63,10.051357300073361,16.618333333333332,4.731561021160958,-0.34202947528218725,False
....Quezon,Squash fruit,2022 November,25.75,2022,November,2022-11-01,15.0,71.66666666666667,17.308333333333334,5.420610219478539,1.55732774076472,True
....Quezon,Squash fruit,2022 December,21.86,2022,December,2022-12-01,25.75,-15.106796116504857,18.155833333333334,5.254834065944052,0.7049064956537686,False
....Quezon,Squash fruit,2023 January,24.36,2023,January,2023-01-01,21.86,11.436413540713634,19.234166666666663,5.071423429971181,1.0107287242158884,False
....Quezon,Squash fruit,2023 February,24.06,2023,February,2023-02-01,24.36,-1.231527093596062,20.360833333333332,4.424932374076644,0.8359826442406537,False
....Quezon,Squash fruit,2023 March,20.95,2023,March,2023-03-01,24.06,-12.926018287614296,20.510833333333334,4.410640972452739,0.0995698061595901,False
....Quezon,Squash fruit,2023 April,15.37,2023,April,2023-04-01,20.95,-26.634844868735087,20.223333333333333,4.637482336811912,-1.0465448665557204,False
....Quezon,Squash fruit,2023 May,9.87,2023,May,2023-05-01,15.37,-35.7839947950553,19.92833333333333,5.18997606113473,-1.9380307760290882,False
....Quezon,Squash fruit,2023 June,10.23,2023,June,2023-06-01,9.87,3.6474164133738727,18.98,5.852210149709567,-1.4951616186295436,False
....Quezon,Squash fruit,2023 July,15.74,2023,July,2023-07-01,10.23,53.86119257086999,18.522499999999997,5.874872725894117,-0.47362728178532904,True
....Quezon,Squash fruit,2023 August,17.54,2023,August,2023-08-01,15.74,11.435832274459967,17.863333333333333,5.455743151334504,-0.05926476455443931,False
....Quezon,Squash fruit,2023 September,15.32,2023,September,2023-09-01,17.54,-12.656784492588363,18.004166666666666,5.357457772850739,-0.5010149926461115,False
....Quezon,Squash fruit,2023 October,17.53,2023,October,2023-10-01,15.32,14.425587467362929,18.215,5.277674246725112,-0.12979201973768145,False
....Quezon,Squash fruit,2023 November,17.52,2023,November,2023-11-01,17.53,-0.05704506560183435,17.529166666666665,4.714144014333757,-0.001944502891467338,False
....Quezon,Squash fruit,2023 December,12.71,2023,December,2023-12-01,17.52,-27.454337899543376,16.766666666666666,4.6898930659128,-0.8649806316803751,False
....Quezon,Squash fruit,2024 January,27.19,2024,January,2024-01-01,12.71,113.92604248623131,17.0025,5.154572771292055,1.9764004607207013,True
....Quezon,Squash fruit,2024 February,27.0,2024,February,2024-02-01,27.19,-0.6987863184994529,17.2475,5.5733719595950175,1.749838351127861,False
....Quezon,Squash fruit,2024 March,23.6,2024,March,2024-03-01,27.0,-12.592592592592588,17.468333333333334,5.782007882346336,1.0604735917756032,False
....Quezon,Squash fruit,2024 May,28.13,2024,May,2024-05-01,23.6,19.194915254237277,18.53166666666667,6.490887085099785,1.4787398405630674,False
....Quezon,Squash fruit,2024 June,5.0,2024,June,2024-06-01,28.13,-82.22538215428368,18.125833333333336,7.195660887372377,-1.8241317286599463,False
....Quezon,Squash fruit,2024 August,37.13,2024,August,2024-08-01,5.0,642.6,20.367500000000003,8.570913948295768,1.955742421534058,True
....Quezon,Squash fruit,2024 September,23.12,2024,September,2024-09-01,37.13,-37.732291947212495,20.9825,8.472898103525578,0.2522749564414783,False
....Quezon,Squash fruit,2024 October,15.7,2024,October,2024-10-01,23.12,-32.09342560553634,20.829166666666666,8.557091114002082,-0.5994054052169367,False
....Quezon,Squash fruit,2024 November,7.75,2024,November,2024-11-01,15.7,-50.63694267515923,20.198333333333334,9.251044986018249,-1.345613749813926,False
....Quezon,Squash fruit,2024 December,10.75,2024,December,2024-12-01,7.75,38.70967741935484,19.633333333333333,9.628180544945169,-0.9226388404190361,True
....Quezon,Squash fruit,2025 January,36.57,2025,January,2025-01-01,10.75,240.1860465116279,21.220833333333335,10.752856244935227,1.4274501878416144,True
....Quezon,Squash fruit,2025 February,35.0,2025,February,2025-02-01,36.57,-4.293136450642604,23.078333333333333,11.069575694696079,1.0769759379647101,False
....Quezon,Squash fruit,2025 March,22.78,2025,March,2025-03-01,35.0,-34.91428571428571,22.710833333333337,10.993605958451353,0.006291535909879703,False
....Quezon,Squash fruit,2025 April,36.9,2025,April,2025-04-01,22.78,61.98419666374011,23.535833333333333,11.693903196524976,1.1428319904886877,True
....Quezon,Squash fruit,2025 May,30.0,2025,May,2025-05-01,36.9,-18.699186991869915,24.069166666666664,11.842101670298947,0.5008260778750446,False
....Quezon,Squash fruit,2025 June,19.96,2025,June,2025-06-01,30.0,-33.46666666666666,23.388333333333332,11.822250080661341,-0.2899899181579103,False
....Quezon,Squash fruit,2025 July,30.0,2025,July,2025-07-01,19.96,50.300601202404806,25.471666666666664,10.40507553887511,0.43520427280078094,True
....Quezon,Squash fruit,2025 August,35.88,2025,August,2025-08-01,30.0,19.60000000000001,25.367500000000003,10.283296363078781,1.0222889265103894,False
....Quezon,Squash fruit,2025 September,34.88,2025,September,2025-09-01,35.88,-2.7870680044593086,26.3475,10.604971497111423,0.8045754769189225,False
....Quezon,Squash fruit,2025 October,59.0,2025,October,2025-10-01,34.88,69.15137614678898,29.955833333333334,13.597109624898795,2.1360544606834297,True
....Quezon,Squash fruit,2025 November,70.0,2025,November,2025-11-01,59.0,18.64406779661017,35.14333333333334,16.014793350543318,2.176529281627235,True
....Quezon,Squash fruit,2025 December,15.0,2025,December,2025-12-01,70.0,-78.57142857142857,35.4975,15.463810023876581,-1.325514214695554,False
....Quezon,Squash fruit,2026 January,25.0,2026,January,2026-01-01,15.0,66.66666666666666,34.53333333333334,15.748926274126728,-0.6053322726512007,True
....Quezon,Squash fruit,2026 February,35.22,2026,February,2026-02-01,25.0,40.879999999999995,34.55166666666667,15.74964694168981,0.042434813669646784,True
....Quezon,Squash fruit,2026 March,37.03,2026,March,2026-03-01,35.22,5.139125496876781,35.73916666666667,15.312541774834806,0.08429908974712054,False
....Quezon,Squash fruit,2026 April,37.1,2026,April,2026-04-01,37.03,0.18903591682419735,35.755833333333335,15.31402889708017,0.08777354905755402,False
....Quezon,Squash fruit,2026 May,42.14,2026,May,2026-05-01,37.1,13.584905660377355,36.767500000000005,15.300209817337342,0.35113897548726286,False
....Quezon,Squash fruit,2026 June,50.0,2026,June,2026-06-01,42.14,18.652112007593733,39.270833333333336,14.747781009255943,0.727510576671356,False
....Quezon,Tomato,2010 January,8.03,2010,January,2010-01-01,,,,,,False
....Quezon,Tomato,2010 February,6.45,2010,February,2010-02-01,8.03,-19.676214196762135,,,,False
....Quezon,Tomato,2010 March,6.7,2010,March,2010-03-01,6.45,3.875968992248062,,,,False
....Quezon,Tomato,2010 April,7.69,2010,April,2010-04-01,6.7,14.776119402985078,,,,False
....Quezon,Tomato,2010 May,11.68,2010,May,2010-05-01,7.69,51.885565669700895,,,,True
....Quezon,Tomato,2010 June,18.08,2010,June,2010-06-01,11.68,54.79452054794519,9.771666666666667,4.483424658301582,1.8531221034236598,True
....Quezon,Tomato,2010 July,24.54,2010,July,2010-07-01,18.08,35.73008849557523,11.881428571428572,6.921602484423745,1.8288498157844313,True
....Quezon,Tomato,2010 August,31.27,2010,August,2010-08-01,24.54,27.424612876935615,14.305,9.38371385509414,1.8079195787486855,False
....Quezon,Tomato,2010 September,11.21,2010,September,2010-09-01,31.27,-64.15094339622641,13.961111111111112,8.83808017111811,-0.31127926629376423,False
....Quezon,Tomato,2010 October,12.46,2010,October,2010-10-01,11.21,11.150758251561104,13.811000000000002,8.346132104820239,-0.16187138940920215,False
....Quezon,Tomato,2010 November,22.82,2010,November,2010-11-01,12.46,83.14606741573033,14.63,8.370812385903772,0.9783996609208139,True
....Quezon,Tomato,2010 December,22.22,2010,December,2010-12-01,22.82,-2.629272567922881,15.262500000000001,8.27654091667857,0.8406289620316513,False
....Quezon,Tomato,2011 January,24.97,2011,January,2011-01-01,22.22,12.376237623762378,16.674166666666668,8.374882857615852,0.9905611188088875,False
....Quezon,Tomato,2011 February,16.39,2011,February,2011-02-01,24.97,-34.3612334801762,17.5025,7.739149736008706,-0.14374964149146283,False
....Quezon,Tomato,2011 March,5.68,2011,March,2011-03-01,16.39,-65.34472239170226,17.4175,7.873024283185994,-1.4908502219492916,False
....Quezon,Tomato,2011 April,7.74,2011,April,2011-04-01,5.68,36.26760563380283,17.421666666666667,7.867419391311731,-1.2306025883606093,True
....Quezon,Tomato,2011 May,7.3,2011,May,2011-05-01,7.74,-5.684754521963829,17.056666666666665,8.25029953542551,-1.1825833261899215,False
....Quezon,Tomato,2011 June,15.64,2011,June,2011-06-01,7.3,114.24657534246576,16.853333333333335,8.252853317416216,-0.1470198592737381,True
....Quezon,Tomato,2011 July,17.05,2011,July,2011-07-01,15.64,9.0153452685422,16.229166666666668,7.894096134952929,0.10398066090162042,False
....Quezon,Tomato,2011 August,16.7,2011,August,2011-08-01,17.05,-2.052785923753674,15.015,6.337399093691927,0.26588194543045296,False
....Quezon,Tomato,2011 September,18.95,2011,September,2011-09-01,16.7,13.47305389221557,15.659999999999998,6.308744292286265,0.5214983913712752,False
....Quezon,Tomato,2011 October,20.37,2011,October,2011-10-01,18.95,7.493403693931408,16.319166666666664,6.357049713554712,0.6372190742343914,False
....Quezon,Tomato,2011 November,40.98,2011,November,2011-11-01,20.37,101.17820324005888,17.8325,9.452977525145666,2.448699358316025,True
....Quezon,Tomato,2011 December,24.41,2011,December,2011-12-01,40.98,-40.43435822352367,18.014999999999997,9.565849769789498,0.6685239841625412,False
....Quezon,Tomato,2012 January,14.33,2012,January,2012-01-01,24.41,-41.29455141335519,17.128333333333334,9.353333711311251,-0.2991803157786651,False
....Quezon,Tomato,2012 February,9.19,2012,February,2012-02-01,14.33,-35.86880669923239,16.528333333333332,9.631790953384368,-0.7618866905281856,False
....Quezon,Tomato,2012 March,13.91,2012,March,2012-03-01,9.19,51.36017410228511,17.214166666666667,9.065470411836264,-0.3644782362702995,True
....Quezon,Tomato,2012 April,18.85,2012,April,2012-04-01,13.91,35.514018691588795,18.139999999999997,8.563348962558132,0.08291148744543347,True
....Quezon,Tomato,2012 May,28.7,2012,May,2012-05-01,18.85,52.2546419098143,19.923333333333336,8.325672600002012,1.054169084989547,True
....Quezon,Tomato,2012 June,22.85,2012,June,2012-06-01,28.7,-20.383275261324034,20.524166666666666,8.248258723494128,0.2819787074220273,False
....Quezon,Tomato,2012 July,17.65,2012,July,2012-07-01,22.85,-22.75711159737419,20.574166666666667,8.227075541752184,-0.3554320914918797,False
....Quezon,Tomato,2012 August,19.77,2012,August,2012-08-01,17.65,12.011331444759213,20.83,8.14295345124181,-0.13017389898481457,False
....Quezon,Tomato,2012 September,23.13,2012,September,2012-09-01,19.77,16.99544764795144,21.17833333333333,8.14462548202336,0.23962632425202907,False
....Quezon,Tomato,2012 October,23.23,2012,October,2012-10-01,23.13,0.43233895373973813,21.416666666666668,8.160650969280837,0.2222044957147743,False
....Quezon,Tomato,2012 November,16.7,2012,November,2012-11-01,23.23,-28.110202324580293,19.393333333333334,5.418443811034063,-0.49706768719252176,False
....Quezon,Tomato,2012 December,16.71,2012,December,2012-12-01,16.7,0.05988023952096745,18.75166666666667,5.22274193631404,-0.39091854270471155,False
....Quezon,Tomato,2013 January,17.04,2013,January,2013-01-01,16.71,1.9748653500897564,18.9775,5.070539015636395,-0.38210927753936774,False
....Quezon,Tomato,2013 February,13.39,2013,February,2013-02-01,17.04,-21.42018779342722,19.3275,4.439175035972338,-1.3375232902253595,False
....Quezon,Tomato,2013 March,10.05,2013,March,2013-03-01,13.39,-24.943988050784167,19.00583333333333,4.974938023064542,-1.8001899303695392,False
....Quezon,Tomato,2013 April,8.1,2013,April,2013-04-01,10.05,-19.402985074626873,18.110000000000003,5.889380272999867,-1.6996694959385295,False
....Quezon,Tomato,2013 May,12.96,2013,May,2013-05-01,8.1,60.00000000000002,16.798333333333332,5.002377313625871,-0.7673018432412475,True
....Quezon,Tomato,2013 June,28.32,2013,June,2013-06-01,12.96,118.5185185185185,17.254166666666666,5.791014133722149,1.9108627742583006,True
....Quezon,Tomato,2013 July,26.19,2013,July,2013-07-01,28.32,-7.521186440677963,17.965833333333332,6.3425625138759365,1.2966630835209356,False
....Quezon,Tomato,2013 August,21.07,2013,August,2013-08-01,26.19,-19.54944635357007,18.074166666666667,6.387125485670135,0.46904250434012124,False
....Quezon,Tomato,2013 September,21.27,2013,September,2013-09-01,21.07,0.9492168960607466,17.919166666666666,6.274861039147087,0.5340091696737873,False
....Quezon,Tomato,2013 October,23.29,2013,October,2013-10-01,21.27,9.496944052656321,17.924166666666668,6.2794997750013835,0.8545001235121709,False
....Quezon,Tomato,2013 November,20.55,2013,November,2013-11-01,23.29,-11.764705882352935,18.245,6.309549040217462,0.36531929386835493,False
....Quezon,Tomato,2013 December,21.64,2013,December,2013-12-01,20.55,5.304136253041362,18.655833333333334,6.360809637335819,0.46914887204776723,False
....Quezon,Tomato,2014 January,17.73,2014,January,2014-01-01,21.64,-18.068391866913124,18.713333333333335,6.34798082905585,-0.1549048996544603,False
....Quezon,Tomato,2014 February,8.61,2014,February,2014-02-01,17.73,-51.43824027072759,18.315,6.843051552155263,-1.4182269307825615,False
....Quezon,Tomato,2014 March,7.72,2014,March,2014-03-01,8.61,-10.336817653890822,18.120833333333334,7.126087104733034,-1.4595433904288464,False
....Quezon,Tomato,2014 April,7.93,2014,April,2014-04-01,7.72,2.72020725388601,18.106666666666666,7.147954994686286,-1.4237172274072645,False
....Quezon,Tomato,2014 May,9.65,2014,May,2014-05-01,7.93,21.68978562421186,17.830833333333334,7.423181697570897,-1.102065619114559,False
....Quezon,Tomato,2014 June,16.61,2014,June,2014-06-01,9.65,72.1243523316062,16.855,6.6481760998446395,-0.03685221274534626,True
....Quezon,Tomato,2014 July,23.28,2014,July,2014-07-01,16.61,40.15653220951235,16.6125,6.321776397357143,1.0546877303011524,True
....Quezon,Tomato,2014 August,26.9,2014,August,2014-08-01,23.28,15.549828178694147,17.098333333333333,6.893635844132991,1.4218428255111024,False
....Quezon,Tomato,2014 September,25.27,2014,September,2014-09-01,26.9,-6.059479553903342,17.43166666666667,7.203435838458471,1.0881381481160979,False
....Quezon,Tomato,2014 October,31.83,2014,October,2014-10-01,25.27,25.9596359319351,18.143333333333334,8.189231658190844,1.6713004635761284,False
....Quezon,Tomato,2014 November,21.75,2014,November,2014-11-01,31.83,-31.66823751178133,18.243333333333336,8.228523929636838,0.4261598673896582,False
....Quezon,Tomato,2014 December,22.66,2014,December,2014-12-01,21.75,4.183908045977012,18.328333333333333,8.271954625923268,0.5236569665278104,False
....Quezon,Tomato,2015 January,19.15,2015,January,2015-01-01,22.66,-15.489849955869381,18.44666666666667,8.272773892642533,0.0850178359109809,False
....Quezon,Tomato,2015 February,11.98,2015,February,2015-02-01,19.15,-37.441253263707566,18.7275,7.959774008897946,-0.8476999463121956,False
....Quezon,Tomato,2015 March,9.26,2015,March,2015-03-01,11.98,-22.704507512520873,18.855833333333333,7.776473211299619,-1.2339569715729348,False
....Quezon,Tomato,2015 April,9.84,2015,April,2015-04-01,9.26,6.263498920086394,19.014999999999997,7.548728369732215,-1.215436501436264,False
....Quezon,Tomato,2015 May,11.72,2015,May,2015-05-01,9.84,19.10569105691058,19.1875,7.335920497487316,-1.0179363315834395,False
....Quezon,Tomato,2015 June,19.18,2015,June,2015-06-01,11.72,63.65187713310579,19.401666666666667,7.291209942406159,-0.030401904267965126,True
....Quezon,Tomato,2015 July,19.19,2015,July,2015-07-01,19.18,0.05213764337852744,19.06083333333333,7.188301681246139,0.017969010260609722,False
....Quezon,Tomato,2015 August,14.61,2015,August,2015-08-01,19.19,-23.8665971860344,18.036666666666665,6.836791290621292,-0.5012097811684505,False
....Quezon,Tomato,2015 September,21.61,2015,September,2015-09-01,14.61,47.912388774811774,17.731666666666666,6.560835358859467,0.5911340738182373,True
....Quezon,Tomato,2015 October,26.77,2015,October,2015-10-01,21.61,23.877834335955576,17.31,5.6751852192441525,1.6669059483595017,False
....Quezon,Tomato,2015 November,28.03,2015,November,2015-11-01,26.77,4.7067612999626505,17.833333333333332,6.368982126944097,1.6009884253764006,False
....Quezon,Tomato,2015 December,32.15,2015,December,2015-12-01,28.03,14.698537281484114,18.624166666666667,7.509802634294766,1.8010903870582908,False
....Quezon,Tomato,2016 January,27.83,2016,January,2016-01-01,32.15,-13.437013996889583,19.3475,7.969035672241311,1.0644324293273333,False
....Quezon,Tomato,2016 February,15.0,2016,February,2016-02-01,27.83,-46.10132950053899,19.599166666666665,7.760163374959357,-0.5926636392098836,False
....Quezon,Tomato,2016 March,7.94,2016,March,2016-03-01,15.0,-47.06666666666666,19.489166666666666,7.927593304784284,-1.4568313765158425,False
....Quezon,Tomato,2016 April,13.26,2016,April,2016-04-01,7.94,67.00251889168764,19.774166666666666,7.604038948699127,-0.8566719227261569,True
....Quezon,Tomato,2016 May,13.27,2016,May,2016-05-01,13.26,0.07541478129713264,19.903333333333332,7.466713203318181,-0.8883873201913665,False
....Quezon,Tomato,2016 June,21.62,2016,June,2016-06-01,13.27,62.92388847023362,20.106666666666666,7.478438501735667,0.20235953441110824,True
....Quezon,Tomato,2016 July,17.99,2016,July,2016-07-01,21.62,-16.790009250693814,20.006666666666664,7.49980282569098,-0.26889595813885464,False
....Quezon,Tomato,2016 August,32.96,2016,August,2016-08-01,17.99,83.212896053363,21.535833333333333,8.142604517802232,1.403011363463611,True
....Quezon,Tomato,2016 September,30.72,2016,September,2016-09-01,32.96,-6.796116504854374,22.295,8.563928049462094,0.9837775319152964,False
....Quezon,Tomato,2016 October,26.42,2016,October,2016-10-01,30.72,-13.997395833333325,22.265833333333333,8.54788273448017,0.4859877932004994,False
....Quezon,Tomato,2016 November,31.24,2016,November,2016-11-01,26.42,18.24375473126418,22.53333333333333,8.791424885372761,0.9903589896050735,False
....Quezon,Tomato,2016 December,24.94,2016,December,2016-12-01,31.24,-20.166453265044808,21.9325,8.307501675648886,0.36202219601298957,False
....Quezon,Tomato,2017 January,32.02,2017,January,2017-01-01,24.94,28.38813151563754,22.281666666666666,8.658545787342995,1.1247077248894115,False
....Quezon,Tomato,2017 February,16.34,2017,February,2017-02-01,32.02,-48.969394128669585,22.393333333333334,8.564226158677132,-0.7068161467455174,False
....Quezon,Tomato,2017 March,14.78,2017,March,2017-03-01,16.34,-9.54712362301102,22.963333333333335,7.698706306119148,-1.062949151187777,False
....Quezon,Tomato,2017 April,16.69,2017,April,2017-04-01,14.78,12.92286874154264,23.249166666666667,7.362006221544543,-0.8909482645466386,False
....Quezon,Tomato,2017 May,10.77,2017,May,2017-05-01,16.69,-35.47034152186939,23.040833333333335,7.697788889536965,-1.5940724680059974,False
....Quezon,Tomato,2017 June,24.2,2017,June,2017-06-01,10.77,124.69823584029713,23.25583333333333,7.690523635480145,0.12277014042460846,True
....Quezon,Tomato,2017 July,19.78,2017,July,2017-07-01,24.2,-18.264462809917347,23.405,7.595878667229531,-0.4772324781383268,False
....Quezon,Tomato,2017 August,22.12,2017,August,2017-08-01,19.78,11.830131445904952,22.50166666666667,6.975490642024377,-0.05471538652310529,False
....Quezon,Tomato,2017 September,33.15,2017,September,2017-09-01,22.12,49.8643761301989,22.70416666666667,7.265022628173895,1.4378252991015046,True
....Quezon,Tomato,2017 October,40.74,2017,October,2017-10-01,33.15,22.895927601809966,23.897499999999997,8.918731182690218,1.888441265354932,False
....Quezon,Tomato,2017 November,20.82,2017,November,2017-11-01,40.74,-48.895434462444776,23.02916666666667,8.641822680570586,-0.2556366577196196,False
....Quezon,Tomato,2017 December,27.08,2017,December,2017-12-01,20.82,30.06724303554274,23.2075,8.706676774438419,0.4447736031006819,False
....Quezon,Tomato,2018 January,15.82,2018,January,2018-01-01,27.08,-41.580502215657305,21.8575,8.46873085371871,-0.7129167409245117,False
....Quezon,Tomato,2018 February,29.85,2018,February,2018-02-01,15.82,88.68520859671303,22.983333333333334,8.566003983329928,0.8016184302540256,True
....Quezon,Tomato,2018 March,19.77,2018,March,2018-03-01,29.85,-33.76884422110553,23.399166666666662,8.246743112871705,-0.44007271925351676,False
....Quezon,Tomato,2018 April,16.84,2018,April,2018-04-01,19.77,-14.820435002529084,23.411666666666665,8.235755563211528,-0.7979433843352252,False
....Quezon,Tomato,2018 May,9.34,2018,May,2018-05-01,16.84,-44.53681710213777,23.2925,8.443039225518042,-1.6525447326870513,False
....Quezon,Tomato,2018 June,31.71,2018,June,2018-06-01,9.34,239.50749464668095,23.918333333333337,8.787722668414704,0.8866536827194017,True
....Quezon,Tomato,2018 July,51.35,2018,July,2018-07-01,31.71,61.9362976978871,26.549166666666665,11.6844103273109,2.1225575479290026,True
....Quezon,Tomato,2018 August,43.23,2018,August,2018-08-01,51.35,-15.813047711781897,28.308333333333334,12.516449419088703,1.1921645002543444,False
....Quezon,Tomato,2018 September,8.83,2018,September,2018-09-01,43.23,-79.57436965070553,26.281666666666666,13.584589419521283,-1.2846664796205272,False
....Quezon,Tomato,2018 October,18.27,2018,October,2018-10-01,8.83,106.90826727066818,24.409166666666664,12.94400560339055,-0.47428646547082554,True
....Quezon,Tomato,2018 November,29.93,2018,November,2018-11-01,18.27,63.820470717022445,25.168333333333333,12.981460790004496,0.36680514956630067,True
....Quezon,Tomato,2018 December,36.01,2018,December,2018-12-01,29.93,20.31406615436017,25.912500000000005,13.351688435958538,0.7562713920739477,False
....Quezon,Tomato,2019 January,23.33,2019,January,2019-01-01,36.01,-35.212440988614276,26.538333333333338,13.007180417916954,-0.24665863240537264,False
....Quezon,Tomato,2019 February,13.76,2019,February,2019-02-01,23.33,-41.02014573510501,25.1975,13.45632269435247,-0.8499721848079821,False
....Quezon,Tomato,2019 March,6.66,2019,March,2019-03-01,13.76,-51.59883720930233,24.105,14.433727232360383,-1.2086275235192439,False
....Quezon,Tomato,2019 April,11.32,2019,April,2019-04-01,6.66,69.96996996996997,23.645,14.770345290479838,-0.8344422393391185,True
....Quezon,Tomato,2019 May,28.46,2019,May,2019-05-01,11.32,151.41342756183747,25.238333333333333,14.10312913913616,0.2284363019641186,True
....Quezon,Tomato,2019 June,41.02,2019,June,2019-06-01,28.46,44.13211524947295,26.014166666666664,14.73350014474332,1.0184839437957438,True
....Quezon,Tomato,2019 July,35.74,2019,July,2019-07-01,41.02,-12.8717698683569,24.713333333333335,12.863682728259947,0.8571936124048225,False
....Quezon,Tomato,2019 August,24.89,2019,August,2019-08-01,35.74,-30.358142137660888,23.185000000000002,11.47864539046311,0.14853669069841433,False
....Quezon,Tomato,2019 September,31.53,2019,September,2019-09-01,24.89,26.677380474085982,25.076666666666668,10.744911974201244,0.6005943416593752,False
....Quezon,Tomato,2019 October,36.21,2019,October,2019-10-01,31.53,14.8430066603235,26.571666666666662,10.95770615787922,0.8795940678152628,False
....Quezon,Tomato,2019 November,13.55,2019,November,2019-11-01,36.21,-62.579397956365646,25.206666666666667,11.507749431131046,-1.0129406046270668,False
....Quezon,Tomato,2019 December,28.89,2019,December,2019-12-01,13.55,113.21033210332104,24.613333333333333,11.075532684364406,0.3861364314065128,True
....Quezon,Tomato,2020 January,18.51,2020,January,2020-01-01,28.89,-35.929387331256486,24.21166666666667,11.212855311758208,-0.5084937340346926,False
....Quezon,Tomato,2020 February,19.71,2020,February,2020-02-01,18.51,6.482982171799023,24.7075,10.83381417347808,-0.4612872179619087,False
....Quezon,Tomato,2020 March,15.53,2020,March,2020-03-01,19.71,-21.207508878741763,25.44666666666667,9.73767130397419,-1.018381742113171,False
....Quezon,Tomato,2020 April,39.58,2020,April,2020-04-01,15.53,154.86155827430778,27.801666666666666,9.422800040649305,1.2499823070130345,True
....Quezon,Tomato,2020 May,10.31,2020,May,2020-05-01,39.58,-73.95149065184435,26.28916666666667,10.68028724361197,-1.4961364148912788,False
....Quezon,Tomato,2020 June,17.94,2020,June,2020-06-01,10.31,74.00581959262851,24.365833333333338,9.830724063163435,-0.6536480214526095,True
....Quezon,Tomato,2020 July,27.06,2020,July,2020-07-01,17.94,50.83612040133777,23.642500000000002,9.217980576519508,0.37074280767147855,True
....Quezon,Tomato,2020 August,39.12,2020,August,2020-08-01,27.06,44.56762749445676,24.828333333333337,10.250521790118635,1.3942379675192376,True
....Quezon,Tomato,2020 September,46.76,2020,September,2020-09-01,39.12,19.529652351738243,26.0975,11.956593559432156,1.72812598314844,False
....Quezon,Tomato,2020 October,73.98,2020,October,2020-10-01,46.76,58.21214713430284,29.245000000000005,18.20127742769721,2.4577945244615607,True
....Quezon,Tomato,2020 November,79.69,2020,November,2020-11-01,73.98,7.7183022438496796,34.75666666666667,22.51862838279508,1.9953850016754915,False
....Quezon,Tomato,2020 December,102.5,2020,December,2020-12-01,79.69,28.623415735976916,40.89083333333334,29.66660242161923,2.076717980410511,True
....Quezon,Tomato,2021 January,45.0,2021,January,2021-01-01,102.5,-56.09756097560976,43.09833333333333,28.823423502843,0.06597643289941252,False
....Quezon,Tomato,2021 February,10.25,2021,February,2021-02-01,45.0,-77.22222222222223,42.31,29.639084147303016,-1.081679846808535,False
....Quezon,Tomato,2021 March,7.35,2021,March,2021-03-01,10.25,-28.292682926829272,41.62833333333334,30.395402712591356,-1.1277472997300828,False
....Quezon,Tomato,2021 April,8.15,2021,April,2021-04-01,7.35,10.884353741496609,39.009166666666665,31.904642426037835,-0.9672312340815348,False
....Quezon,Tomato,2021 May,5.38,2021,May,2021-05-01,8.15,-33.987730061349694,38.598333333333336,32.33661247039655,-1.0272669520885644,False
....Quezon,Tomato,2021 June,36.95,2021,June,2021-06-01,5.38,586.8029739776953,40.1825,31.691778149430608,-0.10199806349641734,True
....Quezon,Tomato,2021 July,48.92,2021,July,2021-07-01,36.95,32.395128552097425,42.00416666666667,31.49657859004352,0.21957411385373513,False
....Quezon,Tomato,2021 August,50.19,2021,August,2021-08-01,48.92,2.596075224856901,42.92666666666667,31.566461584563083,0.23009653184838777,False
....Quezon,Tomato,2021 September,22.58,2021,September,2021-09-01,50.19,-55.010958358238696,40.91166666666667,32.06729595237131,-0.5716623782028332,False
....Quezon,Tomato,2021 October,30.9,2021,October,2021-10-01,22.58,36.84676705048716,37.321666666666665,30.396602332058972,-0.21126264694043792,True
....Quezon,Tomato,2021 November,21.81,2021,November,2021-11-01,30.9,-29.41747572815534,32.49833333333333,27.51833994508631,-0.3884076348595964,False
....Quezon,Tomato,2021 December,23.5,2021,December,2021-12-01,21.81,7.748739110499778,25.915000000000003,16.48829529751882,-0.14646753690561418,False
....Quezon,Tomato,2022 January,22.53,2022,January,2022-01-01,23.5,-4.127659574468081,24.042500000000004,15.361251798541073,-0.09846202769384015,False
....Quezon,Tomato,2022 February,28.07,2022,February,2022-02-01,22.53,24.589436307146023,25.5275,14.756119300757273,0.17230139904531142,False
....Quezon,Tomato,2022 March,35.04,2022,March,2022-03-01,28.07,24.8307801923762,27.834999999999997,13.788483666385558,0.5225375156780153,False
....Quezon,Tomato,2022 April,52.77,2022,April,2022-04-01,35.04,50.59931506849317,31.553333333333338,14.011969125996472,1.5141816596857385,True
....Quezon,Tomato,2022 May,48.69,2022,May,2022-05-01,52.77,-7.731665719158623,35.1625,12.105584830602306,1.1174594362267538,False
....Quezon,Tomato,2022 June,20.0,2022,June,2022-06-01,48.69,-58.92380365578147,33.75,12.84438823342352,-1.0705064149509205,False
....Quezon,Tomato,2022 July,16.66,2022,July,2022-07-01,20.0,-16.7,31.061666666666664,12.756370838514238,-1.128978362967069,False
....Quezon,Tomato,2022 August,25.0,2022,August,2022-08-01,16.66,50.06002400960384,28.962499999999995,11.313498072495664,-0.3502453418570213,True
....Quezon,Tomato,2022 September,44.61,2022,September,2022-09-01,25.0,78.44,30.798333333333332,11.952984285664096,1.1554994415270667,True
....Quezon,Tomato,2022 October,51.73,2022,October,2022-10-01,44.61,15.960546962564443,32.53416666666667,13.394636279518961,1.4330985129237643,False
....Quezon,Tomato,2022 November,50.5,2022,November,2022-11-01,51.73,-2.377730523873955,34.925000000000004,13.8588649017023,1.1238294124713564,False
....Quezon,Tomato,2022 December,42.16,2022,December,2022-12-01,50.5,-16.514851485148522,36.48,13.502685928093227,0.42065704780871677,False
....Quezon,Tomato,2023 January,18.72,2023,January,2023-01-01,42.16,-55.5977229601518,36.1625,13.8994873188644,-1.2549024003444373,False
....Quezon,Tomato,2023 February,14.41,2023,February,2023-02-01,18.72,-23.02350427350427,35.024166666666666,15.127597573089155,-1.3626860819815634,False
....Quezon,Tomato,2023 March,13.55,2023,March,2023-03-01,14.41,-5.968077723802911,33.233333333333334,16.348313415002508,-1.2039977968167865,False
....Quezon,Tomato,2023 April,5.1,2023,April,2023-04-01,13.55,-62.36162361623616,29.260833333333334,16.95012708900239,-1.425407208245029,False
....Quezon,Tomato,2023 May,9.33,2023,May,2023-05-01,5.1,82.94117647058825,25.980833333333333,16.65429153447095,-0.9997923537527573,True
....Quezon,Tomato,2023 June,35.99,2023,June,2023-06-01,9.33,285.74490889603436,27.313333333333333,16.771529085887998,0.5173449971217856,True
....Quezon,Tomato,2023 July,58.99,2023,July,2023-07-01,35.99,63.90664073353709,30.840833333333336,18.671136430492385,1.5076300669462963,True
....Quezon,Tomato,2023 August,88.68,2023,August,2023-08-01,58.99,50.33056450245805,36.1475,24.87797497057112,2.1116067550571227,True
....Quezon,Tomato,2023 September,46.78,2023,September,2023-09-01,88.68,-47.248534055029324,36.32833333333334,24.95285330135188,0.41885657485512556,False
....Quezon,Tomato,2023 October,64.06,2023,October,2023-10-01,46.78,36.938862761864044,37.35583333333333,25.881300184542965,1.0317938618329208,True
....Quezon,Tomato,2023 November,21.55,2023,November,2023-11-01,64.06,-66.3596628161099,34.943333333333335,25.893965718021256,-0.5172376251356532,False
....Quezon,Tomato,2023 December,18.0,2023,December,2023-12-01,21.55,-16.473317865429237,32.93,26.219053099884157,-0.5694332264068669,False
....Quezon,Tomato,2024 February,44.93,2024,February,2024-02-01,18.0,149.61111111111111,35.11416666666667,26.018621114443576,0.37726185758108144,True
....Quezon,Tomato,2024 March,10.8,2024,March,2024-03-01,44.93,-75.96260850211439,34.81333333333334,26.299127650009886,-0.9130847856592046,False
....Quezon,Tomato,2024 April,55.0,2024,April,2024-04-01,10.8,409.25925925925924,38.267500000000005,25.972506836338226,0.6442389294740504,True
....Quezon,Tomato,2024 July,110.0,2024,July,2024-07-01,55.0,100.0,47.009166666666665,30.9673580222593,2.034104210247952,True
....Quezon,Tomato,2024 August,90.0,2024,August,2024-08-01,110.0,-18.181818181818183,53.73166666666666,30.799849419151776,1.1775490470671321,False
....Quezon,Tomato,2024 October,80.0,2024,October,2024-10-01,90.0,-11.11111111111111,57.399166666666666,31.113852354431028,0.7263913537892287,False
....Quezon,Tomato,2025 January,13.35,2025,January,2025-01-01,80.0,-83.31250000000001,53.59583333333334,33.592483049400236,-1.1980606873909516,False
....Quezon,Tomato,2025 February,8.58,2025,February,2025-02-01,13.35,-35.73033707865168,46.92083333333333,33.94362049000808,-1.1295446030755514,False
....Quezon,Tomato,2025 March,14.84,2025,March,2025-03-01,8.58,72.96037296037295,44.259166666666665,35.185236433464354,-0.8361224663730373,True
....Quezon,Tomato,2025 May,100.0,2025,May,2025-05-01,14.84,573.8544474393531,47.25416666666666,38.406127223834126,1.3733702704760156,True
....Quezon,Tomato,2025 June,50.0,2025,June,2025-06-01,100.0,-50.0,49.625,37.54357698365025,0.009988392959022199,False
....Quezon,Tomato,2025 July,75.0,2025,July,2025-07-01,50.0,50.0,54.375,36.776625358062326,0.5608181772849504,True
....Quezon,Tomato,2025 August,75.0,2025,August,2025-08-01,75.0,0.0,56.88083333333333,37.09760356345832,0.488418790601189,False
....Quezon,Tomato,2025 September,72.5,2025,September,2025-09-01,75.0,-3.3333333333333335,62.0225,34.30058099825981,0.30546129817834744,False
....Quezon,Tomato,2025 October,61.51,2025,October,2025-10-01,72.5,-15.158620689655175,62.565,34.23082595343772,-0.03082017364801706,False
....Quezon,Tomato,2025 November,100.0,2025,November,2025-11-01,61.51,62.57519102584946,61.73166666666666,33.07321158040786,1.1570794460131293,True
....Quezon,Tomato,2026 January,50.0,2026,January,2026-01-01,100.0,-50.0,58.39833333333333,31.962208603096858,-0.2627582291831863,False
....Quezon,Tomato,2026 February,20.0,2026,February,2026-02-01,50.0,-60.0,53.39833333333333,32.9534252139794,-1.0135011191238839,False
....Quezon,Tomato,2026 April,20.0,2026,April,2026-04-01,20.0,0.0,53.95249999999999,32.26749705057848,-1.0522198219087249,False
....Quezon,Tomato,2026 June,30.0,2026,June,2026-06-01,20.0,50.0,55.737500000000004,30.045312484191726,-0.8566228097491658,True
